NodeId,CPUTime,AccelerometerX,AccelerometerY,AccelerometerZ,GyroscopeX,GyroscopeY,GyroscopeZ,MagnetometerX,MagnetometerY,MagnetometerZ,GravityX,GravityY,GravityZ,LinearAccelerationX,LinearAccelerationY,LinearAccelerationZ,OrientationYaw,OrientationPitch,OrientationRoll,GPSAltitude
"	0",1.45797E+12,0.716465,2.94846,9.20092,,,,,,,,,,,,,,,,
,,,,,,,,,,,,,,,,,,,,
"	0",1.45797E+12,13.0556,1.90459,-11.8812,,,,,,,,,,,,,,,,
,,,,,,,,,,,,,,,,,,,,
"	0",1.45797E+12,13.4315,1.27252,-8.78552,,,,,,,,,,,,,,,,
,,,,,,,,,,,,,,,,,,,,
"	0",1.45797E+12,14.282,4.50948,-5.18524,,,,,,,,,,,,,,,,
,,,,,,,,,,,,,,,,,,,,
"	0",1.45797E+12,15.3438,6.75165,-3.48476,,,,,,,,,,,,,,,,
,,,,,,,,,,,,,,,,,,,,
"	0",1.45797E+12,12.8269,4.97096,-4.11503,,,,,,,,,,,,,,,,
,,,,,,,,,,,,,,,,,,,,
"	0",1.45797E+12,9.68514,0.749385,-4.63278,,,,,,,,,,,,,,,,
,,,,,,,,,,,,,,,,,,,,
"	0",1.45797E+12,9.25778,-1.72263,-5.35344,,,,,,,,,,,,,,,,
,,,,,,,,,,,,,,,,,,,,
"	0",1.45797E+12,5.72094,-6.84383,-4.61722,,,,,,,,,,,,,,,,
,,,,,,,,,,,,,,,,,,,,
"	0",1.45797E+12,0.125696,-12.0111,-4.15873,,,,,,,,,,,,,,,,
,,,,,,,,,,,,,,,,,,,,
"	0",1.45797E+12,-3.52247,-13.8157,-1.78129,,,,,,,,,,,,,,,,
,,,,,,,,,,,,,,,,,,,,
"	0",1.45797E+12,-2.7665,-12.2715,3.20584,,,,,,,,,,,,,,,,
,,,,,,,,,,,,,,,,,,,,
"	0",1.45797E+12,-1.50655,-9.57262,4.74172,,,,,,,,,,,,,,,,
,,,,,,,,,,,,,,,,,,,,
"	0",1.45797E+12,3.24115,-13.1549,-5.4935,,,,,,,,,,,,,,,,
,,,,,,,,,,,,,,,,,,,,
"	0",1.45797E+12,-1.57658,-17.0479,1.7735,,,,,,,,,,,,,,,,
,,,,,,,,,,,,,,,,,,,,
"	0",1.45797E+12,5.12359,-16.1513,0.503979,,,,,,,,,,,,,,,,
,,,,,,,,,,,,,,,,,,,,
"	0",1.45797E+12,0.842759,-8.18278,0.881665,,,,,,,,,,,,,,,,
,,,,,,,,,,,,,,,,,,,,
"	0",1.45797E+12,-0.559046,-8.69754,0.0454898,,,,,,,,,,,,,,,,
,,,,,,,,,,,,,,,,,,,,
"	0",1.45797E+12,1.9824,-8.78253,0.249596,,,,,,,,,,,,,,,,
,,,,,,,,,,,,,,,,,,,,
"	0",1.45797E+12,2.6827,-6.70855,-0.670376,,,,,,,,,,,,,,,,
,,,,,,,,,,,,,,,,,,,,
"	0",1.45797E+12,3.15675,-4.91051,-1.12408,,,,,,,,,,,,,,,,
,,,,,,,,,,,,,,,,,,,,
"	0",1.45797E+12,4.88477,-7.3484,-2.25893,,,,,,,,,,,,,,,,
,,,,,,,,,,,,,,,,,,,,
"	0",1.45797E+12,4.79978,-7.70933,-2.83892,,,,,,,,,,,,,,,,
,,,,,,,,,,,,,,,,,,,,
"	0",1.45797E+12,1.34494,-7.31848,-0.764947,,,,,,,,,,,,,,,,
,,,,,,,,,,,,,,,,,,,,
"	0",1.45797E+12,1.95786,-8.36773,-0.430956,,,,,,,,,,,,,,,,
,,,,,,,,,,,,,,,,,,,,
"	0",1.45797E+12,3.55898,-13.4746,3.57993,,,,,,,,,,,,,,,,
,,,,,,,,,,,,,,,,,,,,
"	0",1.45797E+12,-0.00059855,-4.68964,-2.22122,,,,,,,,,,,,,,,,
,,,,,,,,,,,,,,,,,,,,
"	0",1.45797E+12,-1.71844,-6.71574,0.97444,,,,,,,,,,,,,,,,
,,,,,,,,,,,,,,,,,,,,
"	0",1.45797E+12,-0.335787,-5.34446,0.405817,,,,,,,,,,,,,,,,
,,,,,,,,,,,,,,,,,,,,
"	0",1.45797E+12,0.911592,-7.6369,-0.991798,,,,,,,,,,,,,,,,
,,,,,,,,,,,,,,,,,,,,
"	0",1.45797E+12,4.53342,-11.2055,-3.27587,,,,,,,,,,,,,,,,
,,,,,,,,,,,,,,,,,,,,
"	0",1.45797E+12,10.2244,-6.56789,-9.17518,,,,,,,,,,,,,,,,
,,,,,,,,,,,,,,,,,,,,
"	0",1.45797E+12,4.56933,-4.56395,1.75675,,,,,,,,,,,,,,,,
,,,,,,,,,,,,,,,,,,,,
"	0",1.45797E+12,-1.77051,-7.5154,-3.64936,,,,,,,,,,,,,,,,
,,,,,,,,,,,,,,,,,,,,
"	0",1.45797E+12,1.45328,-16.784,-2.50852,,,,,,,,,,,,,,,,
,,,,,,,,,,,,,,,,,,,,
"	0",1.45797E+12,2.75273,-17.2652,0.486621,,,,,,,,,,,,,,,,
,,,,,,,,,,,,,,,,,,,,
"	0",1.45797E+12,7.27897,-19.6109,1.03729,,,,,,,,,,,,,,,,
,,,,,,,,,,,,,,,,,,,,
"	0",1.45797E+12,6.07948,-6.88453,0.296282,,,,,,,,,,,,,,,,
,,,,,,,,,,,,,,,,,,,,
"	0",1.45797E+12,2.12246,-7.90865,-1.32818,,,,,,,,,,,,,,,,
,,,,,,,,,,,,,,,,,,,,
"	0",1.45797E+12,0.354342,-10.6536,0.45011,,,,,,,,,,,,,,,,
,,,,,,,,,,,,,,,,,,,,
"	0",1.45797E+12,-0.365714,-10.146,1.28928,,,,,,,,,,,,,,,,
,,,,,,,,,,,,,,,,,,,,
"	0",1.45797E+12,-1.5688,-8.40604,2.07517,,,,,,,,,,,,,,,,
,,,,,,,,,,,,,,,,,,,,
"	0",1.45797E+12,-1.03011,-7.20595,1.77949,,,,,,,,,,,,,,,,
,,,,,,,,,,,,,,,,,,,,
"	0",1.45797E+12,-0.800262,-7.13113,1.38684,,,,,,,,,,,,,,,,
,,,,,,,,,,,,,,,,,,,,
"	0",1.45797E+12,-0.180164,-7.9691,-0.181959,,,,,,,,,,,,,,,,
,,,,,,,,,,,,,,,,,,,,
"	0",1.45797E+12,1.71604,-8.5874,-1.70766,,,,,,,,,,,,,,,,
,,,,,,,,,,,,,,,,,,,,
"	0",1.45797E+12,4.44424,-9.6642,-1.73699,,,,,,,,,,,,,,,,
,,,,,,,,,,,,,,,,,,,,
"	0",1.45797E+12,4.1707,-6.53916,0.516549,,,,,,,,,,,,,,,,
,,,,,,,,,,,,,,,,,,,,
"	0",1.45797E+12,5.6557,-8.55688,-1.10193,,,,,,,,,,,,,,,,
,,,,,,,,,,,,,,,,,,,,
"	0",1.45797E+12,7.24246,-8.53413,-1.45687,,,,,,,,,,,,,,,,
,,,,,,,,,,,,,,,,,,,,
"	0",1.45797E+12,1.01215,-7.89787,-0.888847,,,,,,,,,,,,,,,,
,,,,,,,,,,,,,,,,,,,,
"	0",1.45797E+12,1.02412,-8.62032,1.31202,,,,,,,,,,,,,,,,
,,,,,,,,,,,,,,,,,,,,
"	0",1.45797E+12,1.14323,-8.38928,1.37607,,,,,,,,,,,,,,,,
,,,,,,,,,,,,,,,,,,,,
"	0",1.45797E+12,1.18872,-8.07864,1.2378,,,,,,,,,,,,,,,,
,,,,,,,,,,,,,,,,,,,,
"	0",1.45797E+12,1.42335,-7.87932,0.799065,,,,,,,,,,,,,,,,
,,,,,,,,,,,,,,,,,,,,
"	0",1.45797E+12,3.76368,-8.20074,-0.289698,,,,,,,,,,,,,,,,
,,,,,,,,,,,,,,,,,,,,
"	0",1.45797E+12,6.49008,-9.90541,-1.31442,,,,,,,,,,,,,,,,
,,,,,,,,,,,,,,,,,,,,
"	0",1.45797E+12,6.14053,-12.6994,-5.48571,,,,,,,,,,,,,,,,
,,,,,,,,,,,,,,,,,,,,
"	0",1.45797E+12,4.84946,-17.0198,-6.33326,,,,,,,,,,,,,,,,
,,,,,,,,,,,,,,,,,,,,
"	0",1.45797E+12,2.90536,-17.9565,-2.30202,,,,,,,,,,,,,,,,
,,,,,,,,,,,,,,,,,,,,
"	0",1.45797E+12,1.11031,-16.5667,3.90075,,,,,,,,,,,,,,,,
,,,,,,,,,,,,,,,,,,,,
"	0",1.45797E+12,1.80463,-15.6689,4.92727,,,,,,,,,,,,,,,,
,,,,,,,,,,,,,,,,,,,,
"	0",1.45797E+12,2.87185,-13.8894,5.15172,,,,,,,,,,,,,,,,
,,,,,,,,,,,,,,,,,,,,
"	0",1.45797E+12,0.723049,-8.98304,-2.73597,,,,,,,,,,,,,,,,
,,,,,,,,,,,,,,,,,,,,
"	0",1.45797E+12,-0.165798,-6.4015,-4.03782,,,,,,,,,,,,,,,,
,,,,,,,,,,,,,,,,,,,,
"	0",1.45797E+12,-0.397437,-5.94001,-2.57616,,,,,,,,,,,,,,,,
,,,,,,,,,,,,,,,,,,,,
"	0",1.45797E+12,-0.141258,-5.5737,-0.218471,,,,,,,,,,,,,,,,
,,,,,,,,,,,,,,,,,,,,
"	0",1.45797E+12,-1.34734,-7.07127,1.55204,,,,,,,,,,,,,,,,
,,,,,,,,,,,,,,,,,,,,
"	0",1.45797E+12,-2.05782,-6.73668,1.31741,,,,,,,,,,,,,,,,
,,,,,,,,,,,,,,,,,,,,
"	0",1.45797E+12,-3.69066,-5.30555,-0.047884,,,,,,,,,,,,,,,,
,,,,,,,,,,,,,,,,,,,,
"	0",1.45797E+12,-4.46519,-6.86837,-1.49458,,,,,,,,,,,,,,,,
,,,,,,,,,,,,,,,,,,,,
"	0",1.45797E+12,-2.18411,-10.1454,-1.98779,,,,,,,,,,,,,,,,
,,,,,,,,,,,,,,,,,,,,
"	0",1.45797E+12,0.190938,-11.6005,-3.04902,,,,,,,,,,,,,,,,
,,,,,,,,,,,,,,,,,,,,
"	0",1.45797E+12,4.45621,-12.3271,-5.81611,,,,,,,,,,,,,,,,
,,,,,,,,,,,,,,,,,,,,
"	0",1.45797E+12,3.26449,-13.2974,-3.52726,,,,,,,,,,,,,,,,
,,,,,,,,,,,,,,,,,,,,
"	0",1.45797E+12,4.68845,-19.6109,-1.90698,,,,,,,,,,,,,,,,
,,,,,,,,,,,,,,,,,,,,
"	0",1.45797E+12,-0.23523,-8.1349,1.24738,,,,,,,,,,,,,,,,
,,,,,,,,,,,,,,,,,,,,
"	0",1.45797E+12,2.89339,-11.3407,0.838569,,,,,,,,,,,,,,,,
,,,,,,,,,,,,,,,,,,,,
"	0",1.45797E+12,-0.45849,-3.6757,0.544681,,,,,,,,,,,,,,,,
,,,,,,,,,,,,,,,,,,,,
"	0",1.45797E+12,1.06303,-9.5385,-3.89417,,,,,,,,,,,,,,,,
,,,,,,,,,,,,,,,,,,,,
"	0",1.45797E+12,-0.0149638,-6.72232,-3.63141,,,,,,,,,,,,,,,,
,,,,,,,,,,,,,,,,,,,,
"	0",1.45797E+12,0.186748,-9.67437,-3.28245,,,,,,,,,,,,,,,,
,,,,,,,,,,,,,,,,,,,,
"	0",1.45797E+12,3.04423,-16.3003,-1.32699,,,,,,,,,,,,,,,,
,,,,,,,,,,,,,,,,,,,,
"	0",1.45797E+12,2.69827,-19.6109,0.706888,,,,,,,,,,,,,,,,
,,,,,,,,,,,,,,,,,,,,
"	0",1.45797E+12,0.255581,-19.4996,3.97258,,,,,,,,,,,,,,,,
,,,,,,,,,,,,,,,,,,,,
"	0",1.45797E+12,0.855927,-8.27376,2.01233,,,,,,,,,,,,,,,,
,,,,,,,,,,,,,,,,,,,,
"	0",1.45797E+12,3.37044,-9.47805,-2.07817,,,,,,,,,,,,,,,,
,,,,,,,,,,,,,,,,,,,,
"	0",1.45797E+12,1.44071,-7.1844,0.337582,,,,,,,,,,,,,,,,
,,,,,,,,,,,,,,,,,,,,
"	0",1.45797E+12,-0.387861,-6.0699,0.758363,,,,,,,,,,,,,,,,
,,,,,,,,,,,,,,,,,,,,
"	0",1.45797E+12,-0.550666,-6.14951,0.59855,,,,,,,,,,,,,,,,
,,,,,,,,,,,,,,,,,,,,
"	0",1.45797E+12,-0.319027,-6.86657,0.314838,,,,,,,,,,,,,,,,
,,,,,,,,,,,,,,,,,,,,
"	0",1.45797E+12,2.57556,-7.03057,-0.557849,,,,,,,,,,,,,,,,
,,,,,,,,,,,,,,,,,,,,
"	0",1.45797E+12,3.22738,-7.37115,-0.744597,,,,,,,,,,,,,,,,
,,,,,,,,,,,,,,,,,,,,
"	0",1.45797E+12,3.40575,-7.71711,-0.524929,,,,,,,,,,,,,,,,
,,,,,,,,,,,,,,,,,,,,
"	0",1.45797E+12,3.62602,-7.88351,-0.0712275,,,,,,,,,,,,,,,,
,,,,,,,,,,,,,,,,,,,,
"	0",1.45797E+12,3.99413,-8.5892,0.566827,,,,,,,,,,,,,,,,
,,,,,,,,,,,,,,,,,,,,
"	0",1.45797E+12,3.52606,-9.35295,-1.90997,,,,,,,,,,,,,,,,
,,,,,,,,,,,,,,,,,,,,
"	0",1.45797E+12,7.97149,-13.0801,-3.98994,,,,,,,,,,,,,,,,
,,,,,,,,,,,,,,,,,,,,
"	0",1.45797E+12,0.298677,-19.6109,0.787094,,,,,,,,,,,,,,,,
,,,,,,,,,,,,,,,,,,,,
"	0",1.45797E+12,-2.12007,-16.1627,2.24875,,,,,,,,,,,,,,,,
,,,,,,,,,,,,,,,,,,,,
"	0",1.45797E+12,0.912789,-7.18739,-1.13485,,,,,,,,,,,,,,,,
,,,,,,,,,,,,,,,,,,,,
"	0",1.45797E+12,0.125696,-4.11084,-1.82797,,,,,,,,,,,,,,,,
,,,,,,,,,,,,,,,,,,,,
"	0",1.45797E+12,1.05165,-4.18147,-1.73759,,,,,,,,,,,,,,,,
,,,,,,,,,,,,,,,,,,,,
"	0",1.45797E+12,0.336984,-4.69323,-0.0167594,,,,,,,,,,,,,,,,
,,,,,,,,,,,,,,,,,,,,
"	0",1.45797E+12,-0.298078,-10.7278,-1.67953,,,,,,,,,,,,,,,,
,,,,,,,,,,,,,,,,,,,,
"	0",1.45797E+12,5.32291,-11.048,-6.08905,,,,,,,,,,,,,,,,
,,,,,,,,,,,,,,,,,,,,
"	0",1.45797E+12,1.88663,-2.09313,-0.269946,,,,,,,,,,,,,,,,
,,,,,,,,,,,,,,,,,,,,
"	0",1.45797E+12,-1.10852,-3.21182,-2.77009,,,,,,,,,,,,,,,,
,,,,,,,,,,,,,,,,,,,,
"	0",1.45797E+12,-0.223858,-10.966,-2.24636,,,,,,,,,,,,,,,,
,,,,,,,,,,,,,,,,,,,,
"	0",1.45797E+12,5.15232,-19.6109,2.88501,,,,,,,,,,,,,,,,
,,,,,,,,,,,,,,,,,,,,
"	0",1.45797E+12,-0.877475,-10.668,0.0604536,,,,,,,,,,,,,,,,
,,,,,,,,,,,,,,,,,,,,
"	0",1.45797E+12,0.632069,-7.49265,0.832584,,,,,,,,,,,,,,,,
,,,,,,,,,,,,,,,,,,,,
"	0",1.45797E+12,1.1576,-6.33865,-0.45011,,,,,,,,,,,,,,,,
,,,,,,,,,,,,,,,,,,,,
"	0",1.45797E+12,1.29885,-5.80833,-0.946907,,,,,,,,,,,,,,,,
,,,,,,,,,,,,,,,,,,,,
"	0",1.45797E+12,-0.853533,-5.1206,0.196923,,,,,,,,,,,,,,,,
,,,,,,,,,,,,,,,,,,,,
"	0",1.45797E+12,0.888847,-7.68239,-0.0951695,,,,,,,,,,,,,,,,
,,,,,,,,,,,,,,,,,,,,
"	0",1.45797E+12,2.21883,-8.5473,-1.49697,,,,,,,,,,,,,,,,
,,,,,,,,,,,,,,,,,,,,
"	0",1.45797E+12,6.7289,-7.94576,-5.02064,,,,,,,,,,,,,,,,
,,,,,,,,,,,,,,,,,,,,
"	0",1.45797E+12,5.66109,-6.1938,-2.87424,,,,,,,,,,,,,,,,
,,,,,,,,,,,,,,,,,,,,
"	0",1.45797E+12,0.932542,-6.6074,-0.18974,,,,,,,,,,,,,,,,
,,,,,,,,,,,,,,,,,,,,
"	0",1.45797E+12,2.04166,-7.66025,-0.357933,,,,,,,,,,,,,,,,
,,,,,,,,,,,,,,,,,,,,
"	0",1.45797E+12,5.03022,-19.6109,0.625485,,,,,,,,,,,,,,,,
,,,,,,,,,,,,,,,,,,,,
"	0",1.45797E+12,2.07637,-19.6109,4.22517,,,,,,,,,,,,,,,,
,,,,,,,,,,,,,,,,,,,,
"	0",1.45797E+12,2.63183,-19.1847,2.0656,,,,,,,,,,,,,,,,
,,,,,,,,,,,,,,,,,,,,
"	0",1.45797E+12,1.51194,-8.68556,0.653019,,,,,,,,,,,,,,,,
,,,,,,,,,,,,,,,,,,,,
"	0",1.45797E+12,-0.738611,-8.14148,1.08517,,,,,,,,,,,,,,,,
,,,,,,,,,,,,,,,,,,,,
"	0",1.45797E+12,-2.66774,-4.01448,2.94068,,,,,,,,,,,,,,,,
,,,,,,,,,,,,,,,,,,,,
"	0",1.45797E+12,-3.70802,-3.23277,3.14658,,,,,,,,,,,,,,,,
,,,,,,,,,,,,,,,,,,,,
"	0",1.45797E+12,-5.95737,-1.97103,2.23319,,,,,,,,,,,,,,,,
,,,,,,,,,,,,,,,,,,,,
"	0",1.45797E+12,-6.39132,-4.96138,1.54426,,,,,,,,,,,,,,,,
,,,,,,,,,,,,,,,,,,,,
"	0",1.45797E+12,-6.27939,-5.99688,1.00317,,,,,,,,,,,,,,,,
,,,,,,,,,,,,,,,,,,,,
"	0",1.45797E+12,-3.49314,-12.572,-5.71257,,,,,,,,,,,,,,,,
,,,,,,,,,,,,,,,,,,,,
"	0",1.45797E+12,19.5995,-19.6109,-19.6109,,,,,,,,,,,,,,,,
,,,,,,,,,,,,,,,,,,,,
"	0",1.45797E+12,14.4993,-15.6671,7.56149,,,,,,,,,,,,,,,,
,,,,,,,,,,,,,,,,,,,,
"	0",1.45797E+12,4.28203,-8.37133,-1.4874,,,,,,,,,,,,,,,,
,,,,,,,,,,,,,,,,,,,,
"	0",1.45797E+12,-0.0251391,-6.67623,-3.27168,,,,,,,,,,,,,,,,
,,,,,,,,,,,,,,,,,,,,
"	0",1.45797E+12,-0.468665,-4.96258,1.53947,,,,,,,,,,,,,,,,
,,,,,,,,,,,,,,,,,,,,
"	0",1.45797E+12,-0.587178,-6.1938,2.50314,,,,,,,,,,,,,,,,
,,,,,,,,,,,,,,,,,,,,
"	0",1.45797E+12,-1.1546,-19.6109,1.69689,,,,,,,,,,,,,,,,
,,,,,,,,,,,,,,,,,,,,
"	0",1.45797E+12,2.82935,-14.3143,0.691326,,,,,,,,,,,,,,,,
,,,,,,,,,,,,,,,,,,,,
"	0",1.45797E+12,1.06961,-3.66313,1.62866,,,,,,,,,,,,,,,,
,,,,,,,,,,,,,,,,,,,,
"	0",1.45797E+12,0.322619,-2.44209,0.377685,,,,,,,,,,,,,,,,
,,,,,,,,,,,,,,,,,,,,
"	0",1.45797E+12,-0.110133,-2.57676,-1.20608,,,,,,,,,,,,,,,,
,,,,,,,,,,,,,,,,,,,,
"	0",1.45797E+12,-1.71545,-5.13556,0.065242,,,,,,,,,,,,,,,,
,,,,,,,,,,,,,,,,,,,,
"	0",1.45797E+12,-0.873285,-7.99364,0.385466,,,,,,,,,,,,,,,,
,,,,,,,,,,,,,,,,,,,,
"	0",1.45797E+12,-0.0011971,-7.05631,-0.42138,,,,,,,,,,,,,,,,
,,,,,,,,,,,,,,,,,,,,
"	0",1.45797E+12,0.288501,-6.78577,-0.788889,,,,,,,,,,,,,,,,
,,,,,,,,,,,,,,,,,,,,
"	0",1.45797E+12,0.305859,-8.11575,-0.890643,,,,,,,,,,,,,,,,
,,,,,,,,,,,,,,,,,,,,
"	0",1.45797E+12,0.682347,-8.97886,-0.775721,,,,,,,,,,,,,,,,
,,,,,,,,,,,,,,,,,,,,
"	0",1.45797E+12,1.68911,-10.3639,-0.429759,,,,,,,,,,,,,,,,
,,,,,,,,,,,,,,,,,,,,
"	0",1.45797E+12,2.13323,-10.5189,-0.237625,,,,,,,,,,,,,,,,
,,,,,,,,,,,,,,,,,,,,
"	0",1.45797E+12,2.81977,-9.50378,0.213084,,,,,,,,,,,,,,,,
,,,,,,,,,,,,,,,,,,,,
"	0",1.45797E+12,2.5606,-9.17278,0.140659,,,,,,,,,,,,,,,,
,,,,,,,,,,,,,,,,,,,,
"	0",1.45797E+12,2.26372,-10.1209,-0.320224,,,,,,,,,,,,,,,,
,,,,,,,,,,,,,,,,,,,,
"	0",1.45797E+12,1.72023,-10.6111,-0.485424,,,,,,,,,,,,,,,,
,,,,,,,,,,,,,,,,,,,,
"	0",1.45797E+12,0.794276,-10.4519,-1.08876,,,,,,,,,,,,,,,,
,,,,,,,,,,,,,,,,,,,,
"	0",1.45797E+12,3.01969,-10.7637,-1.32399,,,,,,,,,,,,,,,,
,,,,,,,,,,,,,,,,,,,,
"	0",1.45797E+12,4.43646,-9.68215,-0.618901,,,,,,,,,,,,,,,,
,,,,,,,,,,,,,,,,,,,,
"	0",1.45797E+12,3.97378,-12.2912,0.0664391,,,,,,,,,,,,,,,,
,,,,,,,,,,,,,,,,,,,,
"	0",1.45797E+12,3.15795,-12.7461,-0.0496797,,,,,,,,,,,,,,,,
,,,,,,,,,,,,,,,,,,,,
"	0",1.45797E+12,1.96923,-11.9357,-0.526724,,,,,,,,,,,,,,,,
,,,,,,,,,,,,,,,,,,,,
"	0",1.45797E+12,1.57538,-10.1789,-0.653019,,,,,,,,,,,,,,,,
,,,,,,,,,,,,,,,,,,,,
"	0",1.45797E+12,1.50535,-9.07821,-1.13485,,,,,,,,,,,,,,,,
,,,,,,,,,,,,,,,,,,,,
"	0",1.45797E+12,-0.183755,-8.44615,-1.01394,,,,,,,,,,,,,,,,
,,,,,,,,,,,,,,,,,,,,
"	0",1.45797E+12,-0.849942,-12.7407,1.81959,,,,,,,,,,,,,,,,
,,,,,,,,,,,,,,,,,,,,
"	0",1.45797E+12,7.05452,-10.0012,2.79583,,,,,,,,,,,,,,,,
,,,,,,,,,,,,,,,,,,,,
"	0",1.45797E+12,2.92033,-10.8164,-1.65439,,,,,,,,,,,,,,,,
,,,,,,,,,,,,,,,,,,,,
"	0",1.45797E+12,-0.497994,-8.44495,0.241814,,,,,,,,,,,,,,,,
,,,,,,,,,,,,,,,,,,,,
"	0",1.45797E+12,-1.42874,-6.66725,2.28407,,,,,,,,,,,,,,,,
,,,,,,,,,,,,,,,,,,,,
"	0",1.45797E+12,-1.41437,-6.38294,1.52391,,,,,,,,,,,,,,,,
,,,,,,,,,,,,,,,,,,,,
"	0",1.45797E+12,-0.949899,-7.87513,0.0903811,,,,,,,,,,,,,,,,
,,,,,,,,,,,,,,,,,,,,
"	0",1.45797E+12,-1.7771,-7.69317,-0.191536,,,,,,,,,,,,,,,,
,,,,,,,,,,,,,,,,,,,,
"	0",1.45797E+12,-2.79942,-7.08325,-0.560243,,,,,,,,,,,,,,,,
,,,,,,,,,,,,,,,,,,,,
"	0",1.45797E+12,-2.89279,-6.83664,-0.510563,,,,,,,,,,,,,,,,
,,,,,,,,,,,,,,,,,,,,
"	0",1.45797E+12,-3.37223,-7.11976,-0.724845,,,,,,,,,,,,,,,,
,,,,,,,,,,,,,,,,,,,,
"	0",1.45797E+12,-4.24612,-8.00322,-2.97719,,,,,,,,,,,,,,,,
,,,,,,,,,,,,,,,,,,,,
"	0",1.45797E+12,-3.94265,-9.05068,-4.81594,,,,,,,,,,,,,,,,
,,,,,,,,,,,,,,,,,,,,
"	0",1.45797E+12,1.02412,-13.8337,-8.98604,,,,,,,,,,,,,,,,
,,,,,,,,,,,,,,,,,,,,
"	0",1.45797E+12,6.66965,-9.57561,1.13784,,,,,,,,,,,,,,,,
,,,,,,,,,,,,,,,,,,,,
"	0",1.45797E+12,0.98282,-15.6138,0.794875,,,,,,,,,,,,,,,,
,,,,,,,,,,,,,,,,,,,,
"	0",1.45797E+12,-0.88346,-9.25119,-0.392649,,,,,,,,,,,,,,,,
,,,,,,,,,,,,,,,,,,,,
"	0",1.45797E+12,-0.760159,-2.6414,-0.16101,,,,,,,,,,,,,,,,
,,,,,,,,,,,,,,,,,,,,
"	0",1.45797E+12,-1.91117,-4.35505,0.788291,,,,,,,,,,,,,,,,
,,,,,,,,,,,,,,,,,,,,
"	0",1.45797E+12,-1.49937,-6.05494,0.4543,,,,,,,,,,,,,,,,
,,,,,,,,,,,,,,,,,,,,
"	0",1.45797E+12,-0.551863,-7.34541,0.0855927,,,,,,,,,,,,,,,,
,,,,,,,,,,,,,,,,,,,,
"	0",1.45797E+12,0.963666,-9.50917,0.225654,,,,,,,,,,,,,,,,
,,,,,,,,,,,,,,,,,,,,
"	0",1.45797E+12,0.797868,-10.966,0.805649,,,,,,,,,,,,,,,,
,,,,,,,,,,,,,,,,,,,,
"	0",1.45797E+12,0.477045,-12.2613,1.19531,,,,,,,,,,,,,,,,
,,,,,,,,,,,,,,,,,,,,
"	0",1.45797E+12,0.376488,-12.9287,1.31382,,,,,,,,,,,,,,,,
,,,,,,,,,,,,,,,,,,,,
"	0",1.45797E+12,0.596156,-9.70011,1.0307,,,,,,,,,,,,,,,,
,,,,,,,,,,,,,,,,,,,,
"	0",1.45797E+12,0.379481,-8.51139,0.475848,,,,,,,,,,,,,,,,
,,,,,,,,,,,,,,,,,,,,
"	0",1.45797E+12,1.68492,-10.0012,-0.428562,,,,,,,,,,,,,,,,
,,,,,,,,,,,,,,,,,,,,
"	0",1.45797E+12,3.50212,-9.74679,-0.80086,,,,,,,,,,,,,,,,
,,,,,,,,,,,,,,,,,,,,
"	0",1.45797E+12,2.95624,-8.27436,-1.42036,,,,,,,,,,,,,,,,
,,,,,,,,,,,,,,,,,,,,
"	0",1.45797E+12,1.43592,-9.44094,-1.47962,,,,,,,,,,,,,,,,
,,,,,,,,,,,,,,,,,,,,
"	0",1.45797E+12,0.976236,-9.60673,-0.621295,,,,,,,,,,,,,,,,
,,,,,,,,,,,,,,,,,,,,
"	0",1.45797E+12,0.806846,-9.47026,-0.0484826,,,,,,,,,,,,,,,,
,,,,,,,,,,,,,,,,,,,,
"	0",1.45797E+12,0.787692,-8.3821,0.618303,,,,,,,,,,,,,,,,
,,,,,,,,,,,,,,,,,,,,
"	0",1.45797E+12,1.51194,-8.83341,-0.775721,,,,,,,,,,,,,,,,
,,,,,,,,,,,,,,,,,,,,
"	0",1.45797E+12,2.04824,-7.21672,-1.03968,,,,,,,,,,,,,,,,
,,,,,,,,,,,,,,,,,,,,
"	0",1.45797E+12,1.82199,-5.70838,-0.869095,,,,,,,,,,,,,,,,
,,,,,,,,,,,,,,,,,,,,
"	0",1.45797E+12,1.74178,-6.21116,-0.329801,,,,,,,,,,,,,,,,
,,,,,,,,,,,,,,,,,,,,
"	0",1.45797E+12,2.24935,-7.28735,-0.217872,,,,,,,,,,,,,,,,
,,,,,,,,,,,,,,,,,,,,
"	0",1.45797E+12,1.15999,-9.57501,0.273538,,,,,,,,,,,,,,,,
,,,,,,,,,,,,,,,,,,,,
"	0",1.45797E+12,2.73298,-14.0683,0.783503,,,,,,,,,,,,,,,,
,,,,,,,,,,,,,,,,,,,,
"	0",1.45797E+12,4.50649,-16.1357,0.825401,,,,,,,,,,,,,,,,
,,,,,,,,,,,,,,,,,,,,
"	0",1.45797E+12,7.74345,-16.7415,-1.62087,,,,,,,,,,,,,,,,
,,,,,,,,,,,,,,,,,,,,
"	0",1.45797E+12,3.26868,-14.443,-8.09958,,,,,,,,,,,,,,,,
,,,,,,,,,,,,,,,,,,,,
"	0",1.45797E+12,-1.81062,-16.8312,2.09313,,,,,,,,,,,,,,,,
,,,,,,,,,,,,,,,,,,,,
"	0",1.45797E+12,1.01813,-7.37594,0.635062,,,,,,,,,,,,,,,,
,,,,,,,,,,,,,,,,,,,,
"	0",1.45797E+12,-0.68953,-8.77535,2.22661,,,,,,,,,,,,,,,,
,,,,,,,,,,,,,,,,,,,,
"	0",1.45797E+12,0.053271,-6.03878,-1.77231,,,,,,,,,,,,,,,,
,,,,,,,,,,,,,,,,,,,,
"	0",1.45797E+12,2.54743,-7.52138,-0.621295,,,,,,,,,,,,,,,,
,,,,,,,,,,,,,,,,,,,,
"	0",1.45797E+12,3.00053,-4.42987,1.10193,,,,,,,,,,,,,,,,
,,,,,,,,,,,,,,,,,,,,
"	0",1.45797E+12,4.63158,-5.83886,-0.829591,,,,,,,,,,,,,,,,
,,,,,,,,,,,,,,,,,,,,
"	0",1.45797E+12,5.52582,-11.6945,-0.463877,,,,,,,,,,,,,,,,
,,,,,,,,,,,,,,,,,,,,
"	0",1.45797E+12,5.41628,-13.4907,-1.09595,,,,,,,,,,,,,,,,
,,,,,,,,,,,,,,,,,,,,
"	0",1.45797E+12,3.32854,-17.4974,-4.82312,,,,,,,,,,,,,,,,
,,,,,,,,,,,,,,,,,,,,
"	0",1.45797E+12,0.964265,-17.5112,-2.26791,,,,,,,,,,,,,,,,
,,,,,,,,,,,,,,,,,,,,
"	0",1.45797E+12,2.16256,-17.4807,3.0155,,,,,,,,,,,,,,,,
,,,,,,,,,,,,,,,,,,,,
"	0",1.45797E+12,2.25953,-11.075,2.14939,,,,,,,,,,,,,,,,
,,,,,,,,,,,,,,,,,,,,
"	0",1.45797E+12,-1.08218,-5.864,-2.65218,,,,,,,,,,,,,,,,
,,,,,,,,,,,,,,,,,,,,
"	0",1.45797E+12,-1.6915,-3.5937,0.0712275,,,,,,,,,,,,,,,,
,,,,,,,,,,,,,,,,,,,,
"	0",1.45797E+12,-1.20368,-3.83731,0.257975,,,,,,,,,,,,,,,,
,,,,,,,,,,,,,,,,,,,,
"	0",1.45797E+12,-0.215478,-5.50666,0.0221464,,,,,,,,,,,,,,,,
,,,,,,,,,,,,,,,,,,,,
"	0",1.45797E+12,0.238822,-7.38372,0.329801,,,,,,,,,,,,,,,,
,,,,,,,,,,,,,,,,,,,,
"	0",1.45797E+12,-0.385466,-17.2945,1.45388,,,,,,,,,,,,,,,,
,,,,,,,,,,,,,,,,,,,,
"	0",1.45797E+12,0.893636,-14.4233,-0.478242,,,,,,,,,,,,,,,,
,,,,,,,,,,,,,,,,,,,,
"	0",1.45797E+12,0.657208,-16.7127,-1.23541,,,,,,,,,,,,,,,,
,,,,,,,,,,,,,,,,,,,,
"	0",1.45797E+12,2.16376,-19.5929,-1.39522,,,,,,,,,,,,,,,,
,,,,,,,,,,,,,,,,,,,,
"	0",1.45797E+12,7.13532,-19.575,-1.88304,,,,,,,,,,,,,,,,
,,,,,,,,,,,,,,,,,,,,
"	0",1.45797E+12,7.31788,-15.4641,-1.1558,,,,,,,,,,,,,,,,
,,,,,,,,,,,,,,,,,,,,
"	0",1.45797E+12,5.99927,-12.138,-0.727239,,,,,,,,,,,,,,,,
,,,,,,,,,,,,,,,,,,,,
"	0",1.45797E+12,1.26474,-7.53934,-0.0867898,,,,,,,,,,,,,,,,
,,,,,,,,,,,,,,,,,,,,
"	0",1.45797E+12,-0.611719,-7.71172,0.866701,,,,,,,,,,,,,,,,
,,,,,,,,,,,,,,,,,,,,
"	0",1.45797E+12,-1.93571,-8.27975,1.85431,,,,,,,,,,,,,,,,
,,,,,,,,,,,,,,,,,,,,
"	0",1.45797E+12,-2.229,-7.78535,1.81241,,,,,,,,,,,,,,,,
,,,,,,,,,,,,,,,,,,,,
"	0",1.45797E+12,-1.59813,-6.195,-0.130484,,,,,,,,,,,,,,,,
,,,,,,,,,,,,,,,,,,,,
"	0",1.45797E+12,3.65415,-4.22756,-1.80283,,,,,,,,,,,,,,,,
,,,,,,,,,,,,,,,,,,,,
"	0",1.45797E+12,2.6821,-7.41125,-2.73478,,,,,,,,,,,,,,,,
,,,,,,,,,,,,,,,,,,,,
"	0",1.45797E+12,8.8765,-12.864,-10.2693,,,,,,,,,,,,,,,,
,,,,,,,,,,,,,,,,,,,,
"	0",1.45797E+12,-4.22936,-11.2222,-1.9004,,,,,,,,,,,,,,,,
,,,,,,,,,,,,,,,,,,,,
"	0",1.45797E+12,1.00975,-8.75979,1.95726,,,,,,,,,,,,,,,,
,,,,,,,,,,,,,,,,,,,,
"	0",1.45797E+12,0.0604536,-9.11532,2.28287,,,,,,,,,,,,,,,,
,,,,,,,,,,,,,,,,,,,,
"	0",1.45797E+12,-2.9299,-7.14968,4.03124,,,,,,,,,,,,,,,,
,,,,,,,,,,,,,,,,,,,,
"	0",1.45797E+12,-2.5995,-6.26024,2.1051,,,,,,,,,,,,,,,,
,,,,,,,,,,,,,,,,,,,,
"	0",1.45797E+12,-1.21506,-5.62278,1.33896,,,,,,,,,,,,,,,,
,,,,,,,,,,,,,,,,,,,,
"	0",1.45797E+12,-2.04285,-7.58603,1.92314,,,,,,,,,,,,,,,,
,,,,,,,,,,,,,,,,,,,,
"	0",1.45797E+12,-3.21242,-9.7043,1.96325,,,,,,,,,,,,,,,,
,,,,,,,,,,,,,,,,,,,,
"	0",1.45797E+12,-2.77488,-10.7081,0.472256,,,,,,,,,,,,,,,,
,,,,,,,,,,,,,,,,,,,,
"	0",1.45797E+12,-0.510563,-10.5435,-2.25115,,,,,,,,,,,,,,,,
,,,,,,,,,,,,,,,,,,,,
"	0",1.45797E+12,2.18411,-9.18116,-3.20524,,,,,,,,,,,,,,,,
,,,,,,,,,,,,,,,,,,,,
"	0",1.45797E+12,2.97958,-8.94953,-2.83294,,,,,,,,,,,,,,,,
,,,,,,,,,,,,,,,,,,,,
"	0",1.45797E+12,4.36942,-11.0049,0.346561,,,,,,,,,,,,,,,,
,,,,,,,,,,,,,,,,,,,,
"	0",1.45797E+12,4.52923,-11.0474,4.58968,,,,,,,,,,,,,,,,
,,,,,,,,,,,,,,,,,,,,
"	0",1.45797E+12,3.60028,-10.7308,-3.02926,,,,,,,,,,,,,,,,
,,,,,,,,,,,,,,,,,,,,
"	0",1.45797E+12,2.89519,-9.46607,-3.6751,,,,,,,,,,,,,,,,
,,,,,,,,,,,,,,,,,,,,
"	0",1.45797E+12,3.98335,-9.50737,-1.61609,,,,,,,,,,,,,,,,
,,,,,,,,,,,,,,,,,,,,
"	0",1.45797E+12,3.02208,-11.8292,-0.732626,,,,,,,,,,,,,,,,
,,,,,,,,,,,,,,,,,,,,
"	0",1.45797E+12,1.87107,-7.13412,-6.45477,,,,,,,,,,,,,,,,
,,,,,,,,,,,,,,,,,,,,
"	0",1.45797E+12,1.91895,-7.12275,-7.48188,,,,,,,,,,,,,,,,
,,,,,,,,,,,,,,,,,,,,
"	0",1.45797E+12,0.838569,-7.95474,-4.55078,,,,,,,,,,,,,,,,
,,,,,,,,,,,,,,,,,,,,
"	0",1.45797E+12,-0.0347159,-9.60913,-1.39103,,,,,,,,,,,,,,,,
,,,,,,,,,,,,,,,,,,,,
"	0",1.45797E+12,-0.769736,-12.9101,1.9399,,,,,,,,,,,,,,,,
,,,,,,,,,,,,,,,,,,,,
"	0",1.45797E+12,-1.25875,-14.367,2.78685,,,,,,,,,,,,,,,,
,,,,,,,,,,,,,,,,,,,,
"	0",1.45797E+12,-1.87526,-15.1876,3.55778,,,,,,,,,,,,,,,,
,,,,,,,,,,,,,,,,,,,,
"	0",1.45797E+12,-0.782904,-13.7673,3.28664,,,,,,,,,,,,,,,,
,,,,,,,,,,,,,,,,,,,,
"	0",1.45797E+12,1.02352,-11.5197,2.36188,,,,,,,,,,,,,,,,
,,,,,,,,,,,,,,,,,,,,
"	0",1.45797E+12,2.99934,-9.84017,1.71126,,,,,,,,,,,,,,,,
,,,,,,,,,,,,,,,,,,,,
"	0",1.45797E+12,6.21475,-8.7933,-2.65457,,,,,,,,,,,,,,,,
,,,,,,,,,,,,,,,,,,,,
"	0",1.45797E+12,4.51247,-9.65402,-1.11151,,,,,,,,,,,,,,,,
,,,,,,,,,,,,,,,,,,,,
"	0",1.45797E+12,3.90913,-9.34038,-0.234033,,,,,,,,,,,,,,,,
,,,,,,,,,,,,,,,,,,,,
"	0",1.45797E+12,3.02268,-8.72686,0.333991,,,,,,,,,,,,,,,,
,,,,,,,,,,,,,,,,,,,,
"	0",1.45797E+12,1.47782,-8.29292,0.814627,,,,,,,,,,,,,,,,
,,,,,,,,,,,,,,,,,,,,
"	0",1.45797E+12,0.168791,-7.1006,1.60172,,,,,,,,,,,,,,,,
,,,,,,,,,,,,,,,,,,,,
"	0",1.45797E+12,-0.0963666,-6.75165,1.84234,,,,,,,,,,,,,,,,
,,,,,,,,,,,,,,,,,,,,
"	0",1.45797E+12,-0.333991,-6.72292,1.97222,,,,,,,,,,,,,,,,
,,,,,,,,,,,,,,,,,,,,
"	0",1.45797E+12,-1.24199,-7.41903,1.70048,,,,,,,,,,,,,,,,
,,,,,,,,,,,,,,,,,,,,
"	0",1.45797E+12,-2.05063,-8.19116,0.953491,,,,,,,,,,,,,,,,
,,,,,,,,,,,,,,,,,,,,
"	0",1.45797E+12,-2.42114,-8.23546,0.461482,,,,,,,,,,,,,,,,
,,,,,,,,,,,,,,,,,,,,
"	0",1.45797E+12,-2.11707,-7.24605,-1.38983,,,,,,,,,,,,,,,,
,,,,,,,,,,,,,,,,,,,,
"	0",1.45797E+12,0.195127,-7.33763,-2.00574,,,,,,,,,,,,,,,,
,,,,,,,,,,,,,,,,,,,,
"	0",1.45797E+12,2.94247,-10.6997,-1.00257,,,,,,,,,,,,,,,,
,,,,,,,,,,,,,,,,,,,,
"	0",1.45797E+12,5.86879,-11.4916,-4.67887,,,,,,,,,,,,,,,,
,,,,,,,,,,,,,,,,,,,,
"	0",1.45797E+12,-1.98479,-6.75763,-0.137667,,,,,,,,,,,,,,,,
,,,,,,,,,,,,,,,,,,,,
"	0",1.45797E+12,-2.16017,-6.6463,-0.00059855,,,,,,,,,,,,,,,,
,,,,,,,,,,,,,,,,,,,,
"	0",1.45797E+12,-1.8585,-6.38174,-0.0951695,,,,,,,,,,,,,,,,
,,,,,,,,,,,,,,,,,,,,
"	0",1.45797E+12,-0.479439,-6.10581,-0.414795,,,,,,,,,,,,,,,,
,,,,,,,,,,,,,,,,,,,,
"	0",1.45797E+12,1.44251,-6.22732,-0.102951,,,,,,,,,,,,,,,,
,,,,,,,,,,,,,,,,,,,,
"	0",1.45797E+12,2.67552,-6.34404,-0.515352,,,,,,,,,,,,,,,,
,,,,,,,,,,,,,,,,,,,,
"	0",1.45797E+12,3.06578,-6.38713,-1.0313,,,,,,,,,,,,,,,,
,,,,,,,,,,,,,,,,,,,,
"	0",1.45797E+12,3.09451,-6.33207,-1.32818,,,,,,,,,,,,,,,,
,,,,,,,,,,,,,,,,,,,,
"	0",1.45797E+12,1.58137,-8.85436,-0.490811,,,,,,,,,,,,,,,,
,,,,,,,,,,,,,,,,,,,,
"	0",1.45797E+12,-0.204106,-19.4248,-2.94128,,,,,,,,,,,,,,,,
,,,,,,,,,,,,,,,,,,,,
"	0",1.45797E+12,-0.0317232,-17.3286,-3.40156,,,,,,,,,,,,,,,,
,,,,,,,,,,,,,,,,,,,,
"	0",1.45797E+12,-1.10373,-8.41023,2.0243,,,,,,,,,,,,,,,,
,,,,,,,,,,,,,,,,,,,,
"	0",1.45797E+12,-1.02472,-7.20056,0.895431,,,,,,,,,,,,,,,,
,,,,,,,,,,,,,,,,,,,,
"	0",1.45797E+12,-0.712874,-4.4191,-0.746991,,,,,,,,,,,,,,,,
,,,,,,,,,,,,,,,,,,,,
"	0",1.45797E+12,1.14742,-7.92241,-0.0167594,,,,,,,,,,,,,,,,
,,,,,,,,,,,,,,,,,,,,
"	0",1.45797E+12,4.54719,-14.9386,-10.1227,,,,,,,,,,,,,,,,
,,,,,,,,,,,,,,,,,,,,
"	0",1.45797E+12,3.70144,-11.6723,-3.68288,,,,,,,,,,,,,,,,
,,,,,,,,,,,,,,,,,,,,
"	0",1.45797E+12,4.10067,-5.00987,0.807445,,,,,,,,,,,,,,,,
,,,,,,,,,,,,,,,,,,,,
"	0",1.45797E+12,0.961871,-2.6845,1.31023,,,,,,,,,,,,,,,,
,,,,,,,,,,,,,,,,,,,,
"	0",1.45797E+12,-1.33716,-2.95026,-0.766743,,,,,,,,,,,,,,,,
,,,,,,,,,,,,,,,,,,,,
"	0",1.45797E+12,-1.97103,-5.81791,-1.83635,,,,,,,,,,,,,,,,
,,,,,,,,,,,,,,,,,,,,
"	0",1.45797E+12,-1.21865,-14.9015,-2.1075,,,,,,,,,,,,,,,,
,,,,,,,,,,,,,,,,,,,,
"	0",1.45797E+12,1.2396,-19.5319,-1.48022,,,,,,,,,,,,,,,,
,,,,,,,,,,,,,,,,,,,,
"	0",1.45797E+12,2.63602,-19.6109,-0.378284,,,,,,,,,,,,,,,,
,,,,,,,,,,,,,,,,,,,,
"	0",1.45797E+12,3.40276,-19.6109,0.775123,,,,,,,,,,,,,,,,
,,,,,,,,,,,,,,,,,,,,
"	0",1.45797E+12,0.629675,-10.8314,0.329203,,,,,,,,,,,,,,,,
,,,,,,,,,,,,,,,,,,,,
"	0",1.45797E+12,0.136469,-8.34978,-0.1652,,,,,,,,,,,,,,,,
,,,,,,,,,,,,,,,,,,,,
"	0",1.45797E+12,4.94702,-16.2117,0.378284,,,,,,,,,,,,,,,,
,,,,,,,,,,,,,,,,,,,,
"	0",1.45797E+12,2.12366,-9.31464,0.657807,,,,,,,,,,,,,,,,
,,,,,,,,,,,,,,,,,,,,
"	0",1.45797E+12,0.76375,-8.74542,0.562637,,,,,,,,,,,,,,,,
,,,,,,,,,,,,,,,,,,,,
"	0",1.45797E+12,0.103549,-9.86471,1.59454,,,,,,,,,,,,,,,,
,,,,,,,,,,,,,,,,,,,,
"	0",1.45797E+12,0.43754,-9.58339,1.79565,,,,,,,,,,,,,,,,
,,,,,,,,,,,,,,,,,,,,
"	0",1.45797E+12,0.100556,-8.46829,1.63524,,,,,,,,,,,,,,,,
,,,,,,,,,,,,,,,,,,,,
"	0",1.45797E+12,0.077213,-6.8953,0.654216,,,,,,,,,,,,,,,,
,,,,,,,,,,,,,,,,,,,,
"	0",1.45797E+12,0.6195,-5.58388,-0.636259,,,,,,,,,,,,,,,,
,,,,,,,,,,,,,,,,,,,,
"	0",1.45797E+12,0.999579,-5.34925,-0.975039,,,,,,,,,,,,,,,,
,,,,,,,,,,,,,,,,,,,,
"	0",1.45797E+12,1.86089,-5.82809,-1.38385,,,,,,,,,,,,,,,,
,,,,,,,,,,,,,,,,,,,,
"	0",1.45797E+12,2.37206,-6.20038,-1.47842,,,,,,,,,,,,,,,,
,,,,,,,,,,,,,,,,,,,,
"	0",1.45797E+12,2.26192,-4.95839,0.248997,,,,,,,,,,,,,,,,
,,,,,,,,,,,,,,,,,,,,
"	0",1.45797E+12,2.0656,-5.66289,0.608726,,,,,,,,,,,,,,,,
,,,,,,,,,,,,,,,,,,,,
"	0",1.45797E+12,3.2639,-7.77158,-0.618901,,,,,,,,,,,,,,,,
,,,,,,,,,,,,,,,,,,,,
"	0",1.45797E+12,3.7577,-8.3426,-1.14203,,,,,,,,,,,,,,,,
,,,,,,,,,,,,,,,,,,,,
"	0",1.45797E+12,4.73274,-7.70634,-1.77889,,,,,,,,,,,,,,,,
,,,,,,,,,,,,,,,,,,,,
"	0",1.45797E+12,4.88058,-7.31608,-3.47339,,,,,,,,,,,,,,,,
,,,,,,,,,,,,,,,,,,,,
"	0",1.45797E+12,4.3766,-7.9709,-3.65894,,,,,,,,,,,,,,,,
,,,,,,,,,,,,,,,,,,,,
"	0",1.45797E+12,3.89956,-12.6348,-2.66654,,,,,,,,,,,,,,,,
,,,,,,,,,,,,,,,,,,,,
"	0",1.45797E+12,4.048,-13.9929,-2.41336,,,,,,,,,,,,,,,,
,,,,,,,,,,,,,,,,,,,,
"	0",1.45797E+12,3.5093,-16.8462,-0.398635,,,,,,,,,,,,,,,,
,,,,,,,,,,,,,,,,,,,,
"	0",1.45797E+12,0.793079,-19.5247,2.91434,,,,,,,,,,,,,,,,
,,,,,,,,,,,,,,,,,,,,
"	0",1.45797E+12,-0.0658405,-19.6109,4.79499,,,,,,,,,,,,,,,,
,,,,,,,,,,,,,,,,,,,,
"	0",1.45797E+12,0.702698,-19.6109,4.68605,,,,,,,,,,,,,,,,
,,,,,,,,,,,,,,,,,,,,
"	0",1.45797E+12,3.72717,-17.829,3.46261,,,,,,,,,,,,,,,,
,,,,,,,,,,,,,,,,,,,,
"	0",1.45797E+12,1.2797,-10.8559,-1.10373,,,,,,,,,,,,,,,,
,,,,,,,,,,,,,,,,,,,,
"	0",1.45797E+12,-2.57257,-6.64571,-2.50553,,,,,,,,,,,,,,,,
,,,,,,,,,,,,,,,,,,,,
"	0",1.45797E+12,0.138864,-7.07546,-1.66936,,,,,,,,,,,,,,,,
,,,,,,,,,,,,,,,,,,,,
"	0",1.45797E+12,2.13503,-8.23486,-1.27312,,,,,,,,,,,,,,,,
,,,,,,,,,,,,,,,,,,,,
"	0",1.45797E+12,4.21798,-9.64205,0.705691,,,,,,,,,,,,,,,,
,,,,,,,,,,,,,,,,,,,,
"	0",1.45797E+12,4.75848,-9.06026,0.77632,,,,,,,,,,,,,,,,
,,,,,,,,,,,,,,,,,,,,
"	0",1.45797E+12,4.54419,-8.95372,-1.51733,,,,,,,,,,,,,,,,
,,,,,,,,,,,,,,,,,,,,
"	0",1.45797E+12,4.52145,-9.40502,-1.97761,,,,,,,,,,,,,,,,
,,,,,,,,,,,,,,,,,,,,
"	0",1.45797E+12,3.82174,-10.1658,-1.44849,,,,,,,,,,,,,,,,
,,,,,,,,,,,,,,,,,,,,
"	0",1.45797E+12,2.52828,-10.9206,-0.453103,,,,,,,,,,,,,,,,
,,,,,,,,,,,,,,,,,,,,
"	0",1.45797E+12,0.427365,-12.4229,-0.442927,,,,,,,,,,,,,,,,
,,,,,,,,,,,,,,,,,,,,
"	0",1.45797E+12,0.530316,-12.5516,-0.8673,,,,,,,,,,,,,,,,
,,,,,,,,,,,,,,,,,,,,
"	0",1.45797E+12,1.11989,-12.1901,-1.02771,,,,,,,,,,,,,,,,
,,,,,,,,,,,,,,,,,,,,
"	0",1.45797E+12,3.4267,-10.5943,-0.320224,,,,,,,,,,,,,,,,
,,,,,,,,,,,,,,,,,,,,
"	0",1.45797E+12,5.97653,-11.23,0.135272,,,,,,,,,,,,,,,,
,,,,,,,,,,,,,,,,,,,,
"	0",1.45797E+12,5.25647,-9.71447,-0.588974,,,,,,,,,,,,,,,,
,,,,,,,,,,,,,,,,,,,,
"	0",1.45797E+12,5.46955,-9.63965,-0.66499,,,,,,,,,,,,,,,,
,,,,,,,,,,,,,,,,,,,,
"	0",1.45797E+12,4.93206,-9.65342,-0.685939,,,,,,,,,,,,,,,,
,,,,,,,,,,,,,,,,,,,,
"	0",1.45797E+12,2.52888,-8.93516,-2.62405,,,,,,,,,,,,,,,,
,,,,,,,,,,,,,,,,,,,,
"	0",1.45797E+12,2.03208,-9.76415,-3.10947,,,,,,,,,,,,,,,,
,,,,,,,,,,,,,,,,,,,,
"	0",1.45797E+12,1.85551,-11.5592,-0.174777,,,,,,,,,,,,,,,,
,,,,,,,,,,,,,,,,,,,,
"	0",1.45797E+12,-1.26354,-15.785,3.86065,,,,,,,,,,,,,,,,
,,,,,,,,,,,,,,,,,,,,
"	0",1.45797E+12,-2.52528,-15.5414,4.73872,,,,,,,,,,,,,,,,
,,,,,,,,,,,,,,,,,,,,
"	0",1.45797E+12,0.838569,-9.94073,2.53366,,,,,,,,,,,,,,,,
,,,,,,,,,,,,,,,,,,,,
"	0",1.45797E+12,3.8421,-6.46135,1.04327,,,,,,,,,,,,,,,,
,,,,,,,,,,,,,,,,,,,,
"	0",1.45797E+12,6.40688,-10.5878,-0.786495,,,,,,,,,,,,,,,,
,,,,,,,,,,,,,,,,,,,,
"	0",1.45797E+12,5.84245,-10.2669,0.684742,,,,,,,,,,,,,,,,
,,,,,,,,,,,,,,,,,,,,
"	0",1.45797E+12,4.20182,-9.38467,1.8585,,,,,,,,,,,,,,,,
,,,,,,,,,,,,,,,,,,,,
"	0",1.45797E+12,0.571616,-9.7019,5.44441,,,,,,,,,,,,,,,,
,,,,,,,,,,,,,,,,,,,,
"	0",1.45797E+12,-0.857723,-9.47924,5.37738,,,,,,,,,,,,,,,,
,,,,,,,,,,,,,,,,,,,,
"	0",1.45797E+12,-4.10067,-8.36534,4.5843,,,,,,,,,,,,,,,,
,,,,,,,,,,,,,,,,,,,,
"	0",1.45797E+12,-5.75865,-7.51779,3.22679,,,,,,,,,,,,,,,,
,,,,,,,,,,,,,,,,,,,,
"	0",1.45797E+12,-7.79073,-5.46776,-0.782904,,,,,,,,,,,,,,,,
,,,,,,,,,,,,,,,,,,,,
"	0",1.45797E+12,-7.13891,-4.35445,-0.872687,,,,,,,,,,,,,,,,
,,,,,,,,,,,,,,,,,,,,
"	0",1.45797E+12,-5.73052,-5.61979,-0.77213,,,,,,,,,,,,,,,,
,,,,,,,,,,,,,,,,,,,,
"	0",1.45797E+12,-4.82671,-7.81467,-0.137667,,,,,,,,,,,,,,,,
,,,,,,,,,,,,,,,,,,,,
"	0",1.45797E+12,-4.43107,-8.83879,0.0347159,,,,,,,,,,,,,,,,
,,,,,,,,,,,,,,,,,,,,
"	0",1.45797E+12,-2.92093,-10.2795,-0.68115,,,,,,,,,,,,,,,,
,,,,,,,,,,,,,,,,,,,,
"	0",1.45797E+12,-0.126294,-11.5814,-5.40611,,,,,,,,,,,,,,,,
,,,,,,,,,,,,,,,,,,,,
"	0",1.45797E+12,10.1795,-15.7491,-19.5935,,,,,,,,,,,,,,,,
,,,,,,,,,,,,,,,,,,,,
"	0",1.45797E+12,19.6109,-16.5481,1.06482,,,,,,,,,,,,,,,,
,,,,,,,,,,,,,,,,,,,,
"	0",1.45797E+12,10.8038,-14.5939,3.36445,,,,,,,,,,,,,,,,
,,,,,,,,,,,,,,,,,,,,
"	0",1.45797E+12,2.95983,-7.67042,-4.18746,,,,,,,,,,,,,,,,
,,,,,,,,,,,,,,,,,,,,
"	0",1.45797E+12,-1.05046,-5.71376,2.37924,,,,,,,,,,,,,,,,
,,,,,,,,,,,,,,,,,,,,
"	0",1.45797E+12,-0.875679,-13.796,0.927155,,,,,,,,,,,,,,,,
,,,,,,,,,,,,,,,,,,,,
"	0",1.45797E+12,-0.420182,-19.6109,-2.97839,,,,,,,,,,,,,,,,
,,,,,,,,,,,,,,,,,,,,
"	0",1.45797E+12,2.44747,-17.7135,-2.29245,,,,,,,,,,,,,,,,
,,,,,,,,,,,,,,,,,,,,
"	0",1.45797E+12,2.82516,-11.1001,0.952294,,,,,,,,,,,,,,,,
,,,,,,,,,,,,,,,,,,,,
"	0",1.45797E+12,1.54665,-6.54156,2.36667,,,,,,,,,,,,,,,,
,,,,,,,,,,,,,,,,,,,,
"	0",1.45797E+12,0.484826,-3.95462,2.34093,,,,,,,,,,,,,,,,
,,,,,,,,,,,,,,,,,,,,
"	0",1.45797E+12,-1.00078,-1.56401,2.46124,,,,,,,,,,,,,,,,
,,,,,,,,,,,,,,,,,,,,
"	0",1.45797E+12,-2.03387,-1.6915,2.40378,,,,,,,,,,,,,,,,
,,,,,,,,,,,,,,,,,,,,
"	0",1.45797E+12,-5.34984,-10.8469,2.40797,,,,,,,,,,,,,,,,
,,,,,,,,,,,,,,,,,,,,
"	0",1.45797E+12,-5.05476,-11.9932,0.990601,,,,,,,,,,,,,,,,
,,,,,,,,,,,,,,,,,,,,
"	0",1.45797E+12,-3.20224,-9.7031,-1.1995,,,,,,,,,,,,,,,,
,,,,,,,,,,,,,,,,,,,,
"	0",1.45797E+12,0.0706289,-7.57047,-1.77829,,,,,,,,,,,,,,,,
,,,,,,,,,,,,,,,,,,,,
"	0",1.45797E+12,0.11133,-8.53533,-0.690727,,,,,,,,,,,,,,,,
,,,,,,,,,,,,,,,,,,,,
"	0",1.45797E+12,0.435146,-9.26077,-0.62369,,,,,,,,,,,,,,,,
,,,,,,,,,,,,,,,,,,,,
"	0",1.45797E+12,0.773327,-10.1508,-0.378284,,,,,,,,,,,,,,,,
,,,,,,,,,,,,,,,,,,,,
"	0",1.45797E+12,3.64158,-10.2143,0.029329,,,,,,,,,,,,,,,,
,,,,,,,,,,,,,,,,,,,,
"	0",1.45797E+12,3.86963,-9.75458,0.252588,,,,,,,,,,,,,,,,
,,,,,,,,,,,,,,,,,,,,
"	0",1.45797E+12,4.10725,-9.19014,1.22463,,,,,,,,,,,,,,,,
,,,,,,,,,,,,,,,,,,,,
"	0",1.45797E+12,4.69264,-8.95431,1.50176,,,,,,,,,,,,,,,,
,,,,,,,,,,,,,,,,,,,,
"	0",1.45797E+12,5.78499,-9.43794,0.701501,,,,,,,,,,,,,,,,
,,,,,,,,,,,,,,,,,,,,
"	0",1.45797E+12,5.47374,-9.71627,1.24439,,,,,,,,,,,,,,,,
,,,,,,,,,,,,,,,,,,,,
"	0",1.45797E+12,4.02465,-9.68754,0.362123,,,,,,,,,,,,,,,,
,,,,,,,,,,,,,,,,,,,,
"	0",1.45797E+12,2.62464,-10.0191,-1.92254,,,,,,,,,,,,,,,,
,,,,,,,,,,,,,,,,,,,,
"	0",1.45797E+12,2.00455,-10.2592,-1.63763,,,,,,,,,,,,,,,,
,,,,,,,,,,,,,,,,,,,,
"	0",1.45797E+12,1.26893,-10.3579,-1.50236,,,,,,,,,,,,,,,,
,,,,,,,,,,,,,,,,,,,,
"	0",1.45797E+12,0.0640449,-10.4956,-2.60729,,,,,,,,,,,,,,,,
,,,,,,,,,,,,,,,,,,,,
"	0",1.45797E+12,0.604536,-10.8164,-2.81199,,,,,,,,,,,,,,,,
,,,,,,,,,,,,,,,,,,,,
"	0",1.45797E+12,1.64182,-11.2791,-2.40258,,,,,,,,,,,,,,,,
,,,,,,,,,,,,,,,,,,,,
"	0",1.45797E+12,4.7471,-9.79408,0.150835,,,,,,,,,,,,,,,,
,,,,,,,,,,,,,,,,,,,,
"	0",1.45797E+12,4.9536,-9.0016,0.0939724,,,,,,,,,,,,,,,,
,,,,,,,,,,,,,,,,,,,,
"	0",1.45797E+12,4.87998,-8.79929,-0.366313,,,,,,,,,,,,,,,,
,,,,,,,,,,,,,,,,,,,,
"	0",1.45797E+12,4.43466,-9.26257,-0.788291,,,,,,,,,,,,,,,,
,,,,,,,,,,,,,,,,,,,,
"	0",1.45797E+12,4.03902,-10.3334,-0.676961,,,,,,,,,,,,,,,,
,,,,,,,,,,,,,,,,,,,,
"	0",1.45797E+12,3.77027,-12.6605,0.223858,,,,,,,,,,,,,,,,
,,,,,,,,,,,,,,,,,,,,
"	0",1.45797E+12,2.93529,-12.7443,0.303465,,,,,,,,,,,,,,,,
,,,,,,,,,,,,,,,,,,,,
"	0",1.45797E+12,-0.860716,-9.43914,-1.99257,,,,,,,,,,,,,,,,
,,,,,,,,,,,,,,,,,,,,
"	0",1.45797E+12,-0.384868,-9.11772,-1.95786,,,,,,,,,,,,,,,,
,,,,,,,,,,,,,,,,,,,,
"	0",1.45797E+12,-0.0490811,-8.88728,-1.16358,,,,,,,,,,,,,,,,
,,,,,,,,,,,,,,,,,,,,
"	0",1.45797E+12,-0.0263362,-9.52054,0.362722,,,,,,,,,,,,,,,,
,,,,,,,,,,,,,,,,,,,,
"	0",1.45797E+12,-0.317232,-10.7978,0.785897,,,,,,,,,,,,,,,,
,,,,,,,,,,,,,,,,,,,,
"	0",1.45797E+12,-0.504578,-12.0207,1.17555,,,,,,,,,,,,,,,,
,,,,,,,,,,,,,,,,,,,,
"	0",1.45797E+12,-0.878073,-13.86,1.34913,,,,,,,,,,,,,,,,
,,,,,,,,,,,,,,,,,,,,
"	0",1.45797E+12,1.42275,-11.6227,-0.223858,,,,,,,,,,,,,,,,
,,,,,,,,,,,,,,,,,,,,
"	0",1.45797E+12,4.10127,-10.5662,-1.71066,,,,,,,,,,,,,,,,
,,,,,,,,,,,,,,,,,,,,
"	0",1.45797E+12,8.76876,-9.50857,-3.99054,,,,,,,,,,,,,,,,
,,,,,,,,,,,,,,,,,,,,
"	0",1.45797E+12,6.91685,-10.0838,-2.64559,,,,,,,,,,,,,,,,
,,,,,,,,,,,,,,,,,,,,
"	0",1.45797E+12,5.00448,-10.3028,-1.49338,,,,,,,,,,,,,,,,
,,,,,,,,,,,,,,,,,,,,
"	0",1.45797E+12,4.26108,-9.91259,-0.890643,,,,,,,,,,,,,,,,
,,,,,,,,,,,,,,,,,,,,
"	0",1.45797E+12,3.95163,-9.25898,-0.423774,,,,,,,,,,,,,,,,
,,,,,,,,,,,,,,,,,,,,
"	0",1.45797E+12,0.338181,-8.53593,2.17633,,,,,,,,,,,,,,,,
,,,,,,,,,,,,,,,,,,,,
"	0",1.45797E+12,-0.41719,-8.16782,2.8473,,,,,,,,,,,,,,,,
,,,,,,,,,,,,,,,,,,,,
"	0",1.45797E+12,-4.30956,-5.80833,2.1482,,,,,,,,,,,,,,,,
,,,,,,,,,,,,,,,,,,,,
"	0",1.45797E+12,-4.90512,-5.60303,0.541688,,,,,,,,,,,,,,,,
,,,,,,,,,,,,,,,,,,,,
"	0",1.45797E+12,-3.31657,-6.25964,0.263362,,,,,,,,,,,,,,,,
,,,,,,,,,,,,,,,,,,,,
"	0",1.45797E+12,-3.74812,-8.25461,-0.219668,,,,,,,,,,,,,,,,
,,,,,,,,,,,,,,,,,,,,
"	0",1.45797E+12,-3.72897,-9.22426,-0.404022,,,,,,,,,,,,,,,,
,,,,,,,,,,,,,,,,,,,,
"	0",1.45797E+12,-2.98377,-9.26077,-1.33896,,,,,,,,,,,,,,,,
,,,,,,,,,,,,,,,,,,,,
"	0",1.45797E+12,-0.708684,-10.4686,-3.96001,,,,,,,,,,,,,,,,
,,,,,,,,,,,,,,,,,,,,
"	0",1.45797E+12,0.831985,-12.1093,-6.58286,,,,,,,,,,,,,,,,
,,,,,,,,,,,,,,,,,,,,
"	0",1.45797E+12,19.6109,-15.6491,-7.81467,,,,,,,,,,,,,,,,
,,,,,,,,,,,,,,,,,,,,
"	0",1.45797E+12,19.6109,-15.7024,4.98293,,,,,,,,,,,,,,,,
,,,,,,,,,,,,,,,,,,,,
"	0",1.45797E+12,11.5317,-15.1619,5.28999,,,,,,,,,,,,,,,,
,,,,,,,,,,,,,,,,,,,,
"	0",1.45797E+12,5.01466,-9.33499,-0.305859,,,,,,,,,,,,,,,,
,,,,,,,,,,,,,,,,,,,,
"	0",1.45797E+12,0.823605,-16.7121,-1.58376,,,,,,,,,,,,,,,,
,,,,,,,,,,,,,,,,,,,,
"	0",1.45797E+12,2.41814,-19.6109,-1.84832,,,,,,,,,,,,,,,,
,,,,,,,,,,,,,,,,,,,,
"	0",1.45797E+12,-0.299874,-10.1353,-1.70467,,,,,,,,,,,,,,,,
,,,,,,,,,,,,,,,,,,,,
"	0",1.45797E+12,-0.483629,-3.43388,1.83755,,,,,,,,,,,,,,,,
,,,,,,,,,,,,,,,,,,,,
"	0",1.45797E+12,-1.52211,-2.08715,2.36846,,,,,,,,,,,,,,,,
,,,,,,,,,,,,,,,,,,,,
"	0",1.45797E+12,-1.84413,-0.414795,2.99634,,,,,,,,,,,,,,,,
,,,,,,,,,,,,,,,,,,,,
"	0",1.45797E+12,-1.77111,-0.811634,2.32417,,,,,,,,,,,,,,,,
,,,,,,,,,,,,,,,,,,,,
"	0",1.45797E+12,-1.74956,-2.61986,1.25516,,,,,,,,,,,,,,,,
,,,,,,,,,,,,,,,,,,,,
"	0",1.45797E+12,-2.67013,-8.13191,0.578798,,,,,,,,,,,,,,,,
,,,,,,,,,,,,,,,,,,,,
"	0",1.45797E+12,-3.06338,-13.729,1.24319,,,,,,,,,,,,,,,,
,,,,,,,,,,,,,,,,,,,,
"	0",1.45797E+12,-2.89639,-10.4621,2.15119,,,,,,,,,,,,,,,,
,,,,,,,,,,,,,,,,,,,,
"	0",1.45797E+12,-2.35111,-9.65163,1.15041,,,,,,,,,,,,,,,,
,,,,,,,,,,,,,,,,,,,,
"	0",1.45797E+12,0.828394,-8.16423,-1.20249,,,,,,,,,,,,,,,,
,,,,,,,,,,,,,,,,,,,,
"	0",1.45797E+12,2.03447,-8.26359,-2.01472,,,,,,,,,,,,,,,,
,,,,,,,,,,,,,,,,,,,,
"	0",1.45797E+12,1.99198,-8.63648,-1.90279,,,,,,,,,,,,,,,,
,,,,,,,,,,,,,,,,,,,,
"	0",1.45797E+12,1.55743,-9.94671,-1.23301,,,,,,,,,,,,,,,,
,,,,,,,,,,,,,,,,,,,,
"	0",1.45797E+12,3.95642,-9.84196,-0.0454898,,,,,,,,,,,,,,,,
,,,,,,,,,,,,,,,,,,,,
"	0",1.45797E+12,4.53043,-9.2889,2.24576,,,,,,,,,,,,,,,,
,,,,,,,,,,,,,,,,,,,,
"	0",1.45797E+12,4.03782,-8.76817,-0.0520739,,,,,,,,,,,,,,,,
,,,,,,,,,,,,,,,,,,,,
"	0",1.45797E+12,3.42371,-8.90643,-2.28826,,,,,,,,,,,,,,,,
,,,,,,,,,,,,,,,,,,,,
"	0",1.45797E+12,-0.0730232,-10.2394,0.994192,,,,,,,,,,,,,,,,
,,,,,,,,,,,,,,,,,,,,
"	0",1.45797E+12,2.32776,-11.3066,-0.998981,,,,,,,,,,,,,,,,
,,,,,,,,,,,,,,,,,,,,
"	0",1.45797E+12,5.00987,-8.45393,0.399233,,,,,,,,,,,,,,,,
,,,,,,,,,,,,,,,,,,,,
"	0",1.45797E+12,5.64433,-9.49002,0.525527,,,,,,,,,,,,,,,,
,,,,,,,,,,,,,,,,,,,,
"	0",1.45797E+12,5.70419,-10.4752,0.135871,,,,,,,,,,,,,,,,
,,,,,,,,,,,,,,,,,,,,
"	0",1.45797E+12,6.17644,-12.4379,-1.04327,,,,,,,,,,,,,,,,
,,,,,,,,,,,,,,,,,,,,
"	0",1.45797E+12,4.8309,-13.9762,-1.75435,,,,,,,,,,,,,,,,
,,,,,,,,,,,,,,,,,,,,
"	0",1.45797E+12,0.137068,-12.2912,-4.51008,,,,,,,,,,,,,,,,
,,,,,,,,,,,,,,,,,,,,
"	0",1.45797E+12,0.765546,-11.0654,-2.82336,,,,,,,,,,,,,,,,
,,,,,,,,,,,,,,,,,,,,
"	0",1.45797E+12,-0.139462,-10.3274,-0.770933,,,,,,,,,,,,,,,,
,,,,,,,,,,,,,,,,,,,,
"	0",1.45797E+12,-2.26132,-9.4128,0.775123,,,,,,,,,,,,,,,,
,,,,,,,,,,,,,,,,,,,,
"	0",1.45797E+12,-2.24875,-10.3178,0.933739,,,,,,,,,,,,,,,,
,,,,,,,,,,,,,,,,,,,,
"	0",1.45797E+12,-2.30202,-11.4646,1.22703,,,,,,,,,,,,,,,,
,,,,,,,,,,,,,,,,,,,,
"	0",1.45797E+12,-2.08655,-11.7938,1.2402,,,,,,,,,,,,,,,,
,,,,,,,,,,,,,,,,,,,,
"	0",1.45797E+12,1.30723,-9.75338,0.234033,,,,,,,,,,,,,,,,
,,,,,,,,,,,,,,,,,,,,
"	0",1.45797E+12,0.119112,-6.2351,-1.11929,,,,,,,,,,,,,,,,
,,,,,,,,,,,,,,,,,,,,
"	0",1.45797E+12,-2.30262,-14.2796,0.885256,,,,,,,,,,,,,,,,
,,,,,,,,,,,,,,,,,,,,
"	0",1.45797E+12,-1.07739,-12.3254,2.50374,,,,,,,,,,,,,,,,
,,,,,,,,,,,,,,,,,,,,
"	0",1.45797E+12,-1.66517,-9.67377,1.76872,,,,,,,,,,,,,,,,
,,,,,,,,,,,,,,,,,,,,
"	0",1.45797E+12,-0.916381,-8.78193,0.97025,,,,,,,,,,,,,,,,
,,,,,,,,,,,,,,,,,,,,
"	0",1.45797E+12,0.61112,-8.11694,-0.361524,,,,,,,,,,,,,,,,
,,,,,,,,,,,,,,,,,,,,
"	0",1.45797E+12,1.68492,-8.5066,-1.17376,,,,,,,,,,,,,,,,
,,,,,,,,,,,,,,,,,,,,
"	0",1.45797E+12,2.10331,-9.5816,-1.15041,,,,,,,,,,,,,,,,
,,,,,,,,,,,,,,,,,,,,
"	0",1.45797E+12,2.50194,-9.909,-0.960075,,,,,,,,,,,,,,,,
,,,,,,,,,,,,,,,,,,,,
"	0",1.45797E+12,2.88441,-10.0509,-0.590171,,,,,,,,,,,,,,,,
,,,,,,,,,,,,,,,,,,,,
"	0",1.45797E+12,3.22978,-9.81323,0.339977,,,,,,,,,,,,,,,,
,,,,,,,,,,,,,,,,,,,,
"	0",1.45797E+12,2.71203,-9.35474,0.51595,,,,,,,,,,,,,,,,
,,,,,,,,,,,,,,,,,,,,
"	0",1.45797E+12,1.60651,-9.23803,-1.35871,,,,,,,,,,,,,,,,
,,,,,,,,,,,,,,,,,,,,
"	0",1.45797E+12,0.779911,-9.34936,-1.93691,,,,,,,,,,,,,,,,
,,,,,,,,,,,,,,,,,,,,
"	0",1.45797E+12,0.378882,-9.4152,-1.0325,,,,,,,,,,,,,,,,
,,,,,,,,,,,,,,,,,,,,
"	0",1.45797E+12,0.225654,-9.59416,-0.438139,,,,,,,,,,,,,,,,
,,,,,,,,,,,,,,,,,,,,
"	0",1.45797E+12,0.295085,-9.75039,0.0796072,,,,,,,,,,,,,,,,
,,,,,,,,,,,,,,,,,,,,
"	0",1.45797E+12,0.183755,-9.73183,0.401029,,,,,,,,,,,,,,,,
,,,,,,,,,,,,,,,,,,,,
"	0",1.45797E+12,0.0305261,-9.77972,0.505775,,,,,,,,,,,,,,,,
,,,,,,,,,,,,,,,,,,,,
"	0",1.45797E+12,-0.157419,-9.67976,0.071826,,,,,,,,,,,,,,,,
,,,,,,,,,,,,,,,,,,,,
"	0",1.45797E+12,0.670975,-10.7045,-0.447716,,,,,,,,,,,,,,,,
,,,,,,,,,,,,,,,,,,,,
"	0",1.45797E+12,3.76309,-10.6662,-0.240617,,,,,,,,,,,,,,,,
,,,,,,,,,,,,,,,,,,,,
"	0",1.45797E+12,4.0899,-10.1616,-0.153229,,,,,,,,,,,,,,,,
,,,,,,,,,,,,,,,,,,,,
"	0",1.45797E+12,4.95121,-10.7123,-0.916381,,,,,,,,,,,,,,,,
,,,,,,,,,,,,,,,,,,,,
"	0",1.45797E+12,5.89093,-12.3325,-1.05285,,,,,,,,,,,,,,,,
,,,,,,,,,,,,,,,,,,,,
"	0",1.45797E+12,1.403,-9.35175,-6.16806,,,,,,,,,,,,,,,,
,,,,,,,,,,,,,,,,,,,,
"	0",1.45797E+12,-0.430956,-9.25479,-5.13197,,,,,,,,,,,,,,,,
,,,,,,,,,,,,,,,,,,,,
"	0",1.45797E+12,-3.36505,-11.2887,3.4692,,,,,,,,,,,,,,,,
,,,,,,,,,,,,,,,,,,,,
"	0",1.45797E+12,-2.83114,-11.664,5.05356,,,,,,,,,,,,,,,,
,,,,,,,,,,,,,,,,,,,,
"	0",1.45797E+12,-1.89681,-11.4473,3.65654,,,,,,,,,,,,,,,,
,,,,,,,,,,,,,,,,,,,,
"	0",1.45797E+12,-0.831985,-11.0935,2.22421,,,,,,,,,,,,,,,,
,,,,,,,,,,,,,,,,,,,,
"	0",1.45797E+12,2.60549,-9.70969,0.341174,,,,,,,,,,,,,,,,
,,,,,,,,,,,,,,,,,,,,
"	0",1.45797E+12,6.63972,-8.53712,0.8673,,,,,,,,,,,,,,,,
,,,,,,,,,,,,,,,,,,,,
"	0",1.45797E+12,9.06086,-8.44495,0.320823,,,,,,,,,,,,,,,,
,,,,,,,,,,,,,,,,,,,,
"	0",1.45797E+12,6.31351,-10.3597,-1.32699,,,,,,,,,,,,,,,,
,,,,,,,,,,,,,,,,,,,,
"	0",1.45797E+12,2.67013,-9.663,0.371101,,,,,,,,,,,,,,,,
,,,,,,,,,,,,,,,,,,,,
"	0",1.45797E+12,-1.65858,-7.62793,3.03944,,,,,,,,,,,,,,,,
,,,,,,,,,,,,,,,,,,,,
"	0",1.45797E+12,-1.97941,-6.91625,2.73178,,,,,,,,,,,,,,,,
,,,,,,,,,,,,,,,,,,,,
"	0",1.45797E+12,-2.37445,-6.30453,2.03747,,,,,,,,,,,,,,,,
,,,,,,,,,,,,,,,,,,,,
"	0",1.45797E+12,-2.74196,-5.78858,0.894234,,,,,,,,,,,,,,,,
,,,,,,,,,,,,,,,,,,,,
"	0",1.45797E+12,-1.79086,-6.45776,-1.10433,,,,,,,,,,,,,,,,
,,,,,,,,,,,,,,,,,,,,
"	0",1.45797E+12,0.252588,-6.45118,-0.703895,,,,,,,,,,,,,,,,
,,,,,,,,,,,,,,,,,,,,
"	0",1.45797E+12,0.107141,-6.53138,-0.476446,,,,,,,,,,,,,,,,
,,,,,,,,,,,,,,,,,,,,
"	0",1.45797E+12,-0.246004,-6.59423,-0.323217,,,,,,,,,,,,,,,,
,,,,,,,,,,,,,,,,,,,,
"	0",1.45797E+12,-0.644639,-6.84383,-0.407613,,,,,,,,,,,,,,,,
,,,,,,,,,,,,,,,,,,,,
"	0",1.45797E+12,-1.09235,-7.22869,-0.748188,,,,,,,,,,,,,,,,
,,,,,,,,,,,,,,,,,,,,
"	0",1.45797E+12,-1.27551,-7.58363,-1.1558,,,,,,,,,,,,,,,,
,,,,,,,,,,,,,,,,,,,,
"	0",1.45797E+12,-0.965462,-7.94995,-1.45448,,,,,,,,,,,,,,,,
,,,,,,,,,,,,,,,,,,,,
"	0",1.45797E+12,-0.137068,-8.3809,-1.76453,,,,,,,,,,,,,,,,
,,,,,,,,,,,,,,,,,,,,
"	0",1.45797E+12,1.30424,-8.90823,-2.04525,,,,,,,,,,,,,,,,
,,,,,,,,,,,,,,,,,,,,
"	0",1.45797E+12,3.1364,-9.16321,-2.41635,,,,,,,,,,,,,,,,
,,,,,,,,,,,,,,,,,,,,
"	0",1.45797E+12,4.61063,-9.31225,-3.36565,,,,,,,,,,,,,,,,
,,,,,,,,,,,,,,,,,,,,
"	0",1.45797E+12,7.54054,-8.24683,-6.58705,,,,,,,,,,,,,,,,
,,,,,,,,,,,,,,,,,,,,
"	0",1.45797E+12,7.01082,-7.55071,-5.63356,,,,,,,,,,,,,,,,
,,,,,,,,,,,,,,,,,,,,
"	0",1.45797E+12,5.92924,-7.17842,-3.57574,,,,,,,,,,,,,,,,
,,,,,,,,,,,,,,,,,,,,
"	0",1.45797E+12,5.02064,-7.01501,-1.83276,,,,,,,,,,,,,,,,
,,,,,,,,,,,,,,,,,,,,
"	0",1.45797E+12,3.2609,-7.1419,1.15341,,,,,,,,,,,,,,,,
,,,,,,,,,,,,,,,,,,,,
"	0",1.45797E+12,2.1458,-7.24426,2.16137,,,,,,,,,,,,,,,,
,,,,,,,,,,,,,,,,,,,,
"	0",1.45797E+12,0.837372,-7.20296,2.61148,,,,,,,,,,,,,,,,
,,,,,,,,,,,,,,,,,,,,
"	0",1.45797E+12,-0.824204,-6.63553,1.88783,,,,,,,,,,,,,,,,
,,,,,,,,,,,,,,,,,,,,
"	0",1.45797E+12,-0.825401,-6.16806,1.22044,,,,,,,,,,,,,,,,
,,,,,,,,,,,,,,,,,,,,
"	0",1.45797E+12,-1.01335,-5.16369,-0.271742,,,,,,,,,,,,,,,,
,,,,,,,,,,,,,,,,,,,,
"	0",1.45797E+12,-3.02747,-5.76404,-3.45364,,,,,,,,,,,,,,,,
,,,,,,,,,,,,,,,,,,,,
"	0",1.45797E+12,-3.08253,-7.62134,-6.20158,,,,,,,,,,,,,,,,
,,,,,,,,,,,,,,,,,,,,
"	0",1.45797E+12,-1.2815,-9.09019,-7.36756,,,,,,,,,,,,,,,,
,,,,,,,,,,,,,,,,,,,,
"	0",1.45797E+12,3.74214,-15.4959,-3.19506,,,,,,,,,,,,,,,,
,,,,,,,,,,,,,,,,,,,,
"	0",1.45797E+12,4.13299,-19.5732,-1.30664,,,,,,,,,,,,,,,,
,,,,,,,,,,,,,,,,,,,,
"	0",1.45797E+12,3.56796,-19.6109,2.47082,,,,,,,,,,,,,,,,
,,,,,,,,,,,,,,,,,,,,
"	0",1.45797E+12,0.238223,-16.4691,2.80481,,,,,,,,,,,,,,,,
,,,,,,,,,,,,,,,,,,,,
"	0",1.45797E+12,-1.63165,-12.2026,1.89142,,,,,,,,,,,,,,,,
,,,,,,,,,,,,,,,,,,,,
"	0",1.45797E+12,-1.37188,-9.29788,0.11971,,,,,,,,,,,,,,,,
,,,,,,,,,,,,,,,,,,,,
"	0",1.45797E+12,2.88801,-19.6109,0.329203,,,,,,,,,,,,,,,,
,,,,,,,,,,,,,,,,,,,,
"	0",1.45797E+12,4.04022,-19.4439,0.539892,,,,,,,,,,,,,,,,
,,,,,,,,,,,,,,,,,,,,
"	0",1.45797E+12,2.13024,-5.38396,-0.728436,,,,,,,,,,,,,,,,
,,,,,,,,,,,,,,,,,,,,
"	0",1.45797E+12,3.33153,-6.29555,-0.32202,,,,,,,,,,,,,,,,
,,,,,,,,,,,,,,,,,,,,
"	0",1.45797E+12,1.76572,-19.3116,3.45663,,,,,,,,,,,,,,,,
,,,,,,,,,,,,,,,,,,,,
"	0",1.45797E+12,1.901,-7.4735,-2.65098,,,,,,,,,,,,,,,,
,,,,,,,,,,,,,,,,,,,,
"	0",1.45797E+12,0.460285,-6.38653,-2.69886,,,,,,,,,,,,,,,,
,,,,,,,,,,,,,,,,,,,,
"	0",1.45797E+12,0.384868,-6.41407,-0.924162,,,,,,,,,,,,,,,,
,,,,,,,,,,,,,,,,,,,,
"	0",1.45797E+12,-0.468665,-6.80971,0.311246,,,,,,,,,,,,,,,,
,,,,,,,,,,,,,,,,,,,,
"	0",1.45797E+12,-1.19171,-6.78936,0.684143,,,,,,,,,,,,,,,,
,,,,,,,,,,,,,,,,,,,,
"	0",1.45797E+12,-1.50715,-6.51821,0.794875,,,,,,,,,,,,,,,,
,,,,,,,,,,,,,,,,,,,,
"	0",1.45797E+12,-1.75675,-6.05494,0.763152,,,,,,,,,,,,,,,,
,,,,,,,,,,,,,,,,,,,,
"	0",1.45797E+12,-1.61249,-5.28939,0.365116,,,,,,,,,,,,,,,,
,,,,,,,,,,,,,,,,,,,,
"	0",1.45797E+12,-1.08517,-5.27263,-0.0808043,,,,,,,,,,,,,,,,
,,,,,,,,,,,,,,,,,,,,
"	0",1.45797E+12,-0.166996,-5.83886,-0.779911,,,,,,,,,,,,,,,,
,,,,,,,,,,,,,,,,,,,,
"	0",1.45797E+12,-0.804452,-7.33105,-0.448314,,,,,,,,,,,,,,,,
,,,,,,,,,,,,,,,,,,,,
"	0",1.45797E+12,-1.09475,-8.67659,-1.45807,,,,,,,,,,,,,,,,
,,,,,,,,,,,,,,,,,,,,
"	0",1.45797E+12,0.305859,-11.0067,-2.27329,,,,,,,,,,,,,,,,
,,,,,,,,,,,,,,,,,,,,
"	0",1.45797E+12,5.92206,-9.27394,-5.27024,,,,,,,,,,,,,,,,
,,,,,,,,,,,,,,,,,,,,
"	0",1.45797E+12,5.06015,-5.63116,-3.83671,,,,,,,,,,,,,,,,
,,,,,,,,,,,,,,,,,,,,
"	0",1.45797E+12,2.724,-3.23038,-0.778714,,,,,,,,,,,,,,,,
,,,,,,,,,,,,,,,,,,,,
"	0",1.45797E+12,0.851139,-2.8078,-0.499191,,,,,,,,,,,,,,,,
,,,,,,,,,,,,,,,,,,,,
"	0",1.45797E+12,0.105345,-5.04877,0.509965,,,,,,,,,,,,,,,,
,,,,,,,,,,,,,,,,,,,,
"	0",1.45797E+12,-0.208296,-11.7501,-0.310049,,,,,,,,,,,,,,,,
,,,,,,,,,,,,,,,,,,,,
"	0",1.45797E+12,3.35009,-19.6109,-0.798466,,,,,,,,,,,,,,,,
,,,,,,,,,,,,,,,,,,,,
"	0",1.45797E+12,0.402824,-9.98322,-0.107739,,,,,,,,,,,,,,,,
,,,,,,,,,,,,,,,,,,,,
"	0",1.45797E+12,1.42335,-7.2245,-0.296881,,,,,,,,,,,,,,,,
,,,,,,,,,,,,,,,,,,,,
"	0",1.45797E+12,9.71208,-19.6109,-0.177769,,,,,,,,,,,,,,,,
,,,,,,,,,,,,,,,,,,,,
"	0",1.45797E+12,5.34206,-9.59835,-0.9086,,,,,,,,,,,,,,,,
,,,,,,,,,,,,,,,,,,,,
"	0",1.45797E+12,1.48261,-5.01525,-2.00754,,,,,,,,,,,,,,,,
,,,,,,,,,,,,,,,,,,,,
"	0",1.45797E+12,0.0975637,-3.6326,-1.75914,,,,,,,,,,,,,,,,
,,,,,,,,,,,,,,,,,,,,
"	0",1.45797E+12,-0.81343,-2.69707,-0.944513,,,,,,,,,,,,,,,,
,,,,,,,,,,,,,,,,,,,,
"	0",1.45797E+12,-0.837971,-12.3876,2.86885,,,,,,,,,,,,,,,,
,,,,,,,,,,,,,,,,,,,,
"	0",1.45797E+12,-0.312443,-11.4515,3.08792,,,,,,,,,,,,,,,,
,,,,,,,,,,,,,,,,,,,,
"	0",1.45797E+12,0.833182,-4.44364,-1.35512,,,,,,,,,,,,,,,,
,,,,,,,,,,,,,,,,,,,,
"	0",1.45797E+12,3.18848,-4.78002,-2.31699,,,,,,,,,,,,,,,,
,,,,,,,,,,,,,,,,,,,,
"	0",1.45797E+12,4.20123,-4.38977,-1.86209,,,,,,,,,,,,,,,,
,,,,,,,,,,,,,,,,,,,,
"	0",1.45797E+12,5.43304,-5.68563,-0.663792,,,,,,,,,,,,,,,,
,,,,,,,,,,,,,,,,,,,,
"	0",1.45797E+12,6.65708,-7.11078,-0.237625,,,,,,,,,,,,,,,,
,,,,,,,,,,,,,,,,,,,,
"	0",1.45797E+12,7.25443,-8.79869,-2.4786,,,,,,,,,,,,,,,,
,,,,,,,,,,,,,,,,,,,,
"	0",1.45797E+12,4.82851,-8.61434,-2.93888,,,,,,,,,,,,,,,,
,,,,,,,,,,,,,,,,,,,,
"	0",1.45797E+12,4.94103,-13.392,-2.86227,,,,,,,,,,,,,,,,
,,,,,,,,,,,,,,,,,,,,
"	0",1.45797E+12,4.55557,-14.5376,-2.4756,,,,,,,,,,,,,,,,
,,,,,,,,,,,,,,,,,,,,
"	0",1.45797E+12,3.41174,-16.2129,-2.57616,,,,,,,,,,,,,,,,
,,,,,,,,,,,,,,,,,,,,
"	0",1.45797E+12,3.09211,-16.7516,-2.45944,,,,,,,,,,,,,,,,
,,,,,,,,,,,,,,,,,,,,
"	0",1.45797E+12,2.83054,-18.2546,-0.545279,,,,,,,,,,,,,,,,
,,,,,,,,,,,,,,,,,,,,
"	0",1.45797E+12,1.72502,-19.2841,2.61567,,,,,,,,,,,,,,,,
,,,,,,,,,,,,,,,,,,,,
"	0",1.45797E+12,1.40121,-13.2549,0.577601,,,,,,,,,,,,,,,,
,,,,,,,,,,,,,,,,,,,,
"	0",1.45797E+12,1.06901,-9.50259,-2.29484,,,,,,,,,,,,,,,,
,,,,,,,,,,,,,,,,,,,,
"	0",1.45797E+12,0.553659,-7.3083,-3.55479,,,,,,,,,,,,,,,,
,,,,,,,,,,,,,,,,,,,,
"	0",1.45797E+12,-0.715268,-4.82192,0.656011,,,,,,,,,,,,,,,,
,,,,,,,,,,,,,,,,,,,,
"	0",1.45797E+12,-1.14982,-4.02765,0.130484,,,,,,,,,,,,,,,,
,,,,,,,,,,,,,,,,,,,,
"	0",1.45797E+12,-1.31382,-3.58771,0.0113725,,,,,,,,,,,,,,,,
,,,,,,,,,,,,,,,,,,,,
"	0",1.45797E+12,-1.10852,-3.00831,-0.0347159,,,,,,,,,,,,,,,,
,,,,,,,,,,,,,,,,,,,,
"	0",1.45797E+12,-0.518345,-3.82414,-1.05524,,,,,,,,,,,,,,,,
,,,,,,,,,,,,,,,,,,,,
"	0",1.45797E+12,0.917578,-10.4345,-1.66337,,,,,,,,,,,,,,,,
,,,,,,,,,,,,,,,,,,,,
"	0",1.45797E+12,2.1045,-11.6981,-2.42174,,,,,,,,,,,,,,,,
,,,,,,,,,,,,,,,,,,,,
"	0",1.45797E+12,5.37019,-13.8104,-8.78014,,,,,,,,,,,,,,,,
,,,,,,,,,,,,,,,,,,,,
"	0",1.45797E+12,10.4118,-13.0227,-9.37928,,,,,,,,,,,,,,,,
,,,,,,,,,,,,,,,,,,,,
"	0",1.45797E+12,9.61392,-10.5261,-5.78319,,,,,,,,,,,,,,,,
,,,,,,,,,,,,,,,,,,,,
"	0",1.45797E+12,8.28992,-6.69598,-2.63242,,,,,,,,,,,,,,,,
,,,,,,,,,,,,,,,,,,,,
"	0",1.45797E+12,5.10863,-5.66947,-2.19488,,,,,,,,,,,,,,,,
,,,,,,,,,,,,,,,,,,,,
"	0",1.45797E+12,1.3204,-5.6994,-2.66834,,,,,,,,,,,,,,,,
,,,,,,,,,,,,,,,,,,,,
"	0",1.45797E+12,-1.34255,-8.24503,-2.71383,,,,,,,,,,,,,,,,
,,,,,,,,,,,,,,,,,,,,
"	0",1.45797E+12,-1.99796,-19.6109,0.635661,,,,,,,,,,,,,,,,
,,,,,,,,,,,,,,,,,,,,
"	0",1.45797E+12,-0.550666,-19.6109,1.28449,,,,,,,,,,,,,,,,
,,,,,,,,,,,,,,,,,,,,
"	0",1.45797E+12,-0.473453,-19.6109,2.40378,,,,,,,,,,,,,,,,
,,,,,,,,,,,,,,,,,,,,
"	0",1.45797E+12,-0.288501,-18.986,2.65816,,,,,,,,,,,,,,,,
,,,,,,,,,,,,,,,,,,,,
"	0",1.45797E+12,0.155025,-17.9404,2.42413,,,,,,,,,,,,,,,,
,,,,,,,,,,,,,,,,,,,,
"	0",1.45797E+12,2.23738,-15.6647,0.234033,,,,,,,,,,,,,,,,
,,,,,,,,,,,,,,,,,,,,
"	0",1.45797E+12,2.78027,-13.4764,0.071826,,,,,,,,,,,,,,,,
,,,,,,,,,,,,,,,,,,,,
"	0",1.45797E+12,1.2785,-10.6907,1.95008,,,,,,,,,,,,,,,,
,,,,,,,,,,,,,,,,,,,,
"	0",1.45797E+12,-0.131083,-10.896,2.58753,,,,,,,,,,,,,,,,
,,,,,,,,,,,,,,,,,,,,
"	0",1.45797E+12,-1.63584,-9.81383,3.15675,,,,,,,,,,,,,,,,
,,,,,,,,,,,,,,,,,,,,
"	0",1.45797E+12,-1.71425,-8.66881,2.67552,,,,,,,,,,,,,,,,
,,,,,,,,,,,,,,,,,,,,
"	0",1.45797E+12,-1.38564,-7.29094,1.76991,,,,,,,,,,,,,,,,
,,,,,,,,,,,,,,,,,,,,
"	0",1.45797E+12,-0.921768,-5.9861,0.927753,,,,,,,,,,,,,,,,
,,,,,,,,,,,,,,,,,,,,
"	0",1.45797E+12,-0.923563,-5.17447,0.335787,,,,,,,,,,,,,,,,
,,,,,,,,,,,,,,,,,,,,
"	0",1.45797E+12,-0.985813,-4.69144,0.209493,,,,,,,,,,,,,,,,
,,,,,,,,,,,,,,,,,,,,
"	0",1.45797E+12,-1.6939,-6.27401,0.372298,,,,,,,,,,,,,,,,
,,,,,,,,,,,,,,,,,,,,
"	0",1.45797E+12,-0.751779,-8.093,0.47465,,,,,,,,,,,,,,,,
,,,,,,,,,,,,,,,,,,,,
"	0",1.45797E+12,0.56563,-9.94911,-0.484826,,,,,,,,,,,,,,,,
,,,,,,,,,,,,,,,,,,,,
"	0",1.45797E+12,1.41497,-10.222,-1.04926,,,,,,,,,,,,,,,,
,,,,,,,,,,,,,,,,,,,,
"	0",1.45797E+12,2.6845,-9.79887,-1.72383,,,,,,,,,,,,,,,,
,,,,,,,,,,,,,,,,,,,,
"	0",1.45797E+12,3.4291,-9.40742,-1.57538,,,,,,,,,,,,,,,,
,,,,,,,,,,,,,,,,,,,,
"	0",1.45797E+12,4.3377,-12.2667,-3.16154,,,,,,,,,,,,,,,,
,,,,,,,,,,,,,,,,,,,,
"	0",1.45797E+12,3.70024,-13.3776,-4.59268,,,,,,,,,,,,,,,,
,,,,,,,,,,,,,,,,,,,,
"	0",1.45797E+12,3.39019,-13.6446,-5.18285,,,,,,,,,,,,,,,,
,,,,,,,,,,,,,,,,,,,,
"	0",1.45797E+12,5.16369,-10.4046,-4.68845,,,,,,,,,,,,,,,,
,,,,,,,,,,,,,,,,,,,,
"	0",1.45797E+12,4.5424,-10.1658,-4.90991,,,,,,,,,,,,,,,,
,,,,,,,,,,,,,,,,,,,,
"	0",1.45797E+12,4.20003,-10.6111,-4.04979,,,,,,,,,,,,,,,,
,,,,,,,,,,,,,,,,,,,,
"	0",1.45797E+12,4.34368,-10.8966,-2.31878,,,,,,,,,,,,,,,,
,,,,,,,,,,,,,,,,,,,,
"	0",1.45797E+12,4.14496,-11.3503,-1.08098,,,,,,,,,,,,,,,,
,,,,,,,,,,,,,,,,,,,,
"	0",1.45797E+12,4.83808,-12.065,1.75016,,,,,,,,,,,,,,,,
,,,,,,,,,,,,,,,,,,,,
"	0",1.45797E+12,5.00268,-12.4702,1.92614,,,,,,,,,,,,,,,,
,,,,,,,,,,,,,,,,,,,,
"	0",1.45797E+12,4.09827,-11.7328,1.61609,,,,,,,,,,,,,,,,
,,,,,,,,,,,,,,,,,,,,
"	0",1.45797E+12,0.448913,-10.6099,-2.21883,,,,,,,,,,,,,,,,
,,,,,,,,,,,,,,,,,,,,
"	0",1.45797E+12,0.45011,-9.87668,-1.89022,,,,,,,,,,,,,,,,
,,,,,,,,,,,,,,,,,,,,
"	0",1.45797E+12,-1.28269,-10.3166,-0.383072,,,,,,,,,,,,,,,,
,,,,,,,,,,,,,,,,,,,,
"	0",1.45797E+12,-1.9393,-11.2803,0.77632,,,,,,,,,,,,,,,,
,,,,,,,,,,,,,,,,,,,,
"	0",1.45797E+12,-1.69988,-12.5899,1.76632,,,,,,,,,,,,,,,,
,,,,,,,,,,,,,,,,,,,,
"	0",1.45797E+12,-1.86508,-13.7475,3.19626,,,,,,,,,,,,,,,,
,,,,,,,,,,,,,,,,,,,,
"	0",1.45797E+12,-1.44789,-13.1244,2.56539,,,,,,,,,,,,,,,,
,,,,,,,,,,,,,,,,,,,,
"	0",1.45797E+12,1.14982,-11.4796,1.13784,,,,,,,,,,,,,,,,
,,,,,,,,,,,,,,,,,,,,
"	0",1.45797E+12,2.04824,-10.4902,0.888249,,,,,,,,,,,,,,,,
,,,,,,,,,,,,,,,,,,,,
"	0",1.45797E+12,3.52008,-9.83658,0.93314,,,,,,,,,,,,,,,,
,,,,,,,,,,,,,,,,,,,,
"	0",1.45797E+12,6.93002,-8.5898,-1.16418,,,,,,,,,,,,,,,,
,,,,,,,,,,,,,,,,,,,,
"	0",1.45797E+12,7.80749,-8.78133,-1.87825,,,,,,,,,,,,,,,,
,,,,,,,,,,,,,,,,,,,,
"	0",1.45797E+12,4.26647,-9.84316,-1.8154,,,,,,,,,,,,,,,,
,,,,,,,,,,,,,,,,,,,,
"	0",1.45797E+12,4.07673,-9.35055,-1.05704,,,,,,,,,,,,,,,,
,,,,,,,,,,,,,,,,,,,,
"	0",1.45797E+12,3.66552,-9.15603,-0.271143,,,,,,,,,,,,,,,,
,,,,,,,,,,,,,,,,,,,,
"	0",1.45797E+12,1.97522,-5.03082,0.755969,,,,,,,,,,,,,,,,
,,,,,,,,,,,,,,,,,,,,
"	0",1.45797E+12,3.21841,-8.77535,-0.0939724,,,,,,,,,,,,,,,,
,,,,,,,,,,,,,,,,,,,,
"	0",1.45797E+12,2.44149,-8.04093,0.0215478,,,,,,,,,,,,,,,,
,,,,,,,,,,,,,,,,,,,,
"	0",1.45797E+12,0.225654,-9.01357,0.124498,,,,,,,,,,,,,,,,
,,,,,,,,,,,,,,,,,,,,
"	0",1.45797E+12,-0.288501,-9.05248,0.0837971,,,,,,,,,,,,,,,,
,,,,,,,,,,,,,,,,,,,,
"	0",1.45797E+12,-0.515352,-8.68736,0.180762,,,,,,,,,,,,,,,,
,,,,,,,,,,,,,,,,,,,,
"	0",1.45797E+12,-0.733823,-8.18398,0.335188,,,,,,,,,,,,,,,,
,,,,,,,,,,,,,,,,,,,,
"	0",1.45797E+12,-1.02592,-7.66683,0.55725,,,,,,,,,,,,,,,,
,,,,,,,,,,,,,,,,,,,,
"	0",1.45797E+12,-0.969652,-6.41646,0.864905,,,,,,,,,,,,,,,,
,,,,,,,,,,,,,,,,,,,,
"	0",1.45797E+12,-0.775123,-5.79936,0.957082,,,,,,,,,,,,,,,,
,,,,,,,,,,,,,,,,,,,,
"	0",1.45797E+12,-0.56982,-5.43963,0.950498,,,,,,,,,,,,,,,,
,,,,,,,,,,,,,,,,,,,,
"	0",1.45797E+12,-0.518943,-5.5342,0.830189,,,,,,,,,,,,,,,,
,,,,,,,,,,,,,,,,,,,,
"	0",1.45797E+12,1.45927,-7.44357,-0.660201,,,,,,,,,,,,,,,,
,,,,,,,,,,,,,,,,,,,,
"	0",1.45797E+12,2.05123,-8.46769,-1.03968,,,,,,,,,,,,,,,,
,,,,,,,,,,,,,,,,,,,,
"	0",1.45797E+12,2.21105,-8.69394,-1.11809,,,,,,,,,,,,,,,,
,,,,,,,,,,,,,,,,,,,,
"	0",1.45797E+12,2.88681,-7.5974,-0.76375,,,,,,,,,,,,,,,,
,,,,,,,,,,,,,,,,,,,,
"	0",1.45797E+12,2.83833,-6.32009,-0.371101,,,,,,,,,,,,,,,,
,,,,,,,,,,,,,,,,,,,,
"	0",1.45797E+12,2.1476,-4.72556,0.766743,,,,,,,,,,,,,,,,
,,,,,,,,,,,,,,,,,,,,
"	0",1.45797E+12,3.12264,-8.13191,0.177769,,,,,,,,,,,,,,,,
,,,,,,,,,,,,,,,,,,,,
"	0",1.45797E+12,3.4692,-10.0012,-0.703895,,,,,,,,,,,,,,,,
,,,,,,,,,,,,,,,,,,,,
"	0",1.45797E+12,3.54402,-11.0211,-1.1546,,,,,,,,,,,,,,,,
,,,,,,,,,,,,,,,,,,,,
"	0",1.45797E+12,3.52067,-10.4878,-1.25815,,,,,,,,,,,,,,,,
,,,,,,,,,,,,,,,,,,,,
"	0",1.45797E+12,3.29562,-8.61075,-1.10492,,,,,,,,,,,,,,,,
,,,,,,,,,,,,,,,,,,,,
"	0",1.45797E+12,2.85808,-6.87315,-0.835576,,,,,,,,,,,,,,,,
,,,,,,,,,,,,,,,,,,,,
"	0",1.45797E+12,2.41515,-5.7377,-0.696713,,,,,,,,,,,,,,,,
,,,,,,,,,,,,,,,,,,,,
"	0",1.45797E+12,3.02208,-7.11497,-0.494403,,,,,,,,,,,,,,,,
,,,,,,,,,,,,,,,,,,,,
"	0",1.45797E+12,3.58771,-8.68856,-0.563236,,,,,,,,,,,,,,,,
,,,,,,,,,,,,,,,,,,,,
"	0",1.45797E+12,4.67109,-10.0437,-1.28569,,,,,,,,,,,,,,,,
,,,,,,,,,,,,,,,,,,,,
"	0",1.45797E+12,4.89255,-10.334,-1.60292,,,,,,,,,,,,,,,,
,,,,,,,,,,,,,,,,,,,,
"	0",1.45797E+12,4.77045,-10.9601,-2.99215,,,,,,,,,,,,,,,,
,,,,,,,,,,,,,,,,,,,,
"	0",1.45797E+12,4.6675,-11.8196,-5.91128,,,,,,,,,,,,,,,,
,,,,,,,,,,,,,,,,,,,,
"	0",1.45797E+12,4.46878,-13.3854,-5.76584,,,,,,,,,,,,,,,,
,,,,,,,,,,,,,,,,,,,,
"	0",1.45797E+12,3.61524,-18.4437,-4.45022,,,,,,,,,,,,,,,,
,,,,,,,,,,,,,,,,,,,,
"	0",1.45797E+12,2.2284,-19.6109,-2.84012,,,,,,,,,,,,,,,,
,,,,,,,,,,,,,,,,,,,,
"	0",1.45797E+12,-0.617105,-19.3128,1.59394,,,,,,,,,,,,,,,,
,,,,,,,,,,,,,,,,,,,,
"	0",1.45797E+12,0.149039,-17.2197,2.7252,,,,,,,,,,,,,,,,
,,,,,,,,,,,,,,,,,,,,
"	0",1.45797E+12,1.93332,-14.4388,3.11785,,,,,,,,,,,,,,,,
,,,,,,,,,,,,,,,,,,,,
"	0",1.45797E+12,-0.559645,-9.56663,-0.558448,,,,,,,,,,,,,,,,
,,,,,,,,,,,,,,,,,,,,
"	0",1.45797E+12,4.95181,-8.673,-0.775123,,,,,,,,,,,,,,,,
,,,,,,,,,,,,,,,,,,,,
"	0",1.45797E+12,1.50775,-8.79869,-1.56102,,,,,,,,,,,,,,,,
,,,,,,,,,,,,,,,,,,,,
"	0",1.45797E+12,0.0760159,-6.83545,-1.24139,,,,,,,,,,,,,,,,
,,,,,,,,,,,,,,,,,,,,
"	0",1.45797E+12,-0.771532,-5.50188,-0.910994,,,,,,,,,,,,,,,,
,,,,,,,,,,,,,,,,,,,,
"	0",1.45797E+12,-1.59035,-4.58849,0.201113,,,,,,,,,,,,,,,,
,,,,,,,,,,,,,,,,,,,,
"	0",1.45797E+12,-2.12306,-4.53821,0.831985,,,,,,,,,,,,,,,,
,,,,,,,,,,,,,,,,,,,,
"	0",1.45797E+12,-2.66774,-4.52265,1.33118,,,,,,,,,,,,,,,,
,,,,,,,,,,,,,,,,,,,,
"	0",1.45797E+12,-3.23157,-5.32111,-0.155025,,,,,,,,,,,,,,,,
,,,,,,,,,,,,,,,,,,,,
"	0",1.45797E+12,-2.16017,-6.8552,-2.39241,,,,,,,,,,,,,,,,
,,,,,,,,,,,,,,,,,,,,
"	0",1.45797E+12,-1.21805,-7.52737,-2.71622,,,,,,,,,,,,,,,,
,,,,,,,,,,,,,,,,,,,,
"	0",1.45797E+12,1.63704,-10.9906,-3.14838,,,,,,,,,,,,,,,,
,,,,,,,,,,,,,,,,,,,,
"	0",1.45797E+12,6.14053,-12.7587,-10.389,,,,,,,,,,,,,,,,
,,,,,,,,,,,,,,,,,,,,
"	0",1.45797E+12,7.12933,-11.4359,-7.762,,,,,,,,,,,,,,,,
,,,,,,,,,,,,,,,,,,,,
"	0",1.45797E+12,5.46058,-6.94857,-1.41677,,,,,,,,,,,,,,,,
,,,,,,,,,,,,,,,,,,,,
"	0",1.45797E+12,6.51223,-5.36481,-0.324414,,,,,,,,,,,,,,,,
,,,,,,,,,,,,,,,,,,,,
"	0",1.45797E+12,6.87615,-4.30657,1.10433,,,,,,,,,,,,,,,,
,,,,,,,,,,,,,,,,,,,,
"	0",1.45797E+12,3.65056,-4.52265,0.9086,,,,,,,,,,,,,,,,
,,,,,,,,,,,,,,,,,,,,
"	0",1.45797E+12,2.68151,-5.4917,0.25199,,,,,,,,,,,,,,,,
,,,,,,,,,,,,,,,,,,,,
"	0",1.45797E+12,2.80361,-7.33943,-0.144251,,,,,,,,,,,,,,,,
,,,,,,,,,,,,,,,,,,,,
"	0",1.45797E+12,3.28425,-10.4507,-0.654216,,,,,,,,,,,,,,,,
,,,,,,,,,,,,,,,,,,,,
"	0",1.45797E+12,5.60782,-18.7394,-0.0939724,,,,,,,,,,,,,,,,
,,,,,,,,,,,,,,,,,,,,
"	0",1.45797E+12,5.60423,-19.6109,-1.09415,,,,,,,,,,,,,,,,
,,,,,,,,,,,,,,,,,,,,
"	0",1.45797E+12,3.00891,-16.4194,-2.37984,,,,,,,,,,,,,,,,
,,,,,,,,,,,,,,,,,,,,
"	0",1.45797E+12,0.0377087,-14.0534,-2.76949,,,,,,,,,,,,,,,,
,,,,,,,,,,,,,,,,,,,,
"	0",1.45797E+12,-1.70347,-12.8694,-2.46663,,,,,,,,,,,,,,,,
,,,,,,,,,,,,,,,,,,,,
"	0",1.45797E+12,-2.15957,-11.5442,-1.60651,,,,,,,,,,,,,,,,
,,,,,,,,,,,,,,,,,,,,
"	0",1.45797E+12,-1.56162,-10.2855,-0.864905,,,,,,,,,,,,,,,,
,,,,,,,,,,,,,,,,,,,,
"	0",1.45797E+12,-0.740407,-10.5626,-0.21488,,,,,,,,,,,,,,,,
,,,,,,,,,,,,,,,,,,,,
"	0",1.45797E+12,-0.0413,-12.8174,0.478242,,,,,,,,,,,,,,,,
,,,,,,,,,,,,,,,,,,,,
"	0",1.45797E+12,0.84216,-15.2295,1.00796,,,,,,,,,,,,,,,,
,,,,,,,,,,,,,,,,,,,,
"	0",1.45797E+12,1.63704,-13.6906,1.59095,,,,,,,,,,,,,,,,
,,,,,,,,,,,,,,,,,,,,
"	0",1.45797E+12,1.13784,-11.646,1.4048,,,,,,,,,,,,,,,,
,,,,,,,,,,,,,,,,,,,,
"	0",1.45797E+12,0.80505,-10.1041,1.18812,,,,,,,,,,,,,,,,
,,,,,,,,,,,,,,,,,,,,
"	0",1.45797E+12,0.667982,-9.0854,1.11929,,,,,,,,,,,,,,,,
,,,,,,,,,,,,,,,,,,,,
"	0",1.45797E+12,0.829591,-8.33362,1.20967,,,,,,,,,,,,,,,,
,,,,,,,,,,,,,,,,,,,,
"	0",1.45797E+12,0.600945,-9.40023,1.58676,,,,,,,,,,,,,,,,
,,,,,,,,,,,,,,,,,,,,
"	0",1.45797E+12,0.42138,-10.1221,1.84832,,,,,,,,,,,,,,,,
,,,,,,,,,,,,,,,,,,,,
"	0",1.45797E+12,0.0490811,-10.5764,1.98779,,,,,,,,,,,,,,,,
,,,,,,,,,,,,,,,,,,,,
"	0",1.45797E+12,-0.378284,-10.4609,1.99916,,,,,,,,,,,,,,,,
,,,,,,,,,,,,,,,,,,,,
"	0",1.45797E+12,-0.7021,-9.80485,1.75734,,,,,,,,,,,,,,,,
,,,,,,,,,,,,,,,,,,,,
"	0",1.45797E+12,-0.878672,-7.85119,1.1163,,,,,,,,,,,,,,,,
,,,,,,,,,,,,,,,,,,,,
"	0",1.45797E+12,-0.201711,-5.3672,0.350751,,,,,,,,,,,,,,,,
,,,,,,,,,,,,,,,,,,,,
"	0",1.45797E+12,0.059855,-3.20284,-0.231639,,,,,,,,,,,,,,,,
,,,,,,,,,,,,,,,,,,,,
"	0",1.45797E+12,0.227449,-2.34153,-0.40462,,,,,,,,,,,,,,,,
,,,,,,,,,,,,,,,,,,,,
"	0",1.45797E+12,0.773926,-2.50972,-1.27192,,,,,,,,,,,,,,,,
,,,,,,,,,,,,,,,,,,,,
"	0",1.45797E+12,1.76213,-3.5506,-1.64601,,,,,,,,,,,,,,,,
,,,,,,,,,,,,,,,,,,,,
"	0",1.45797E+12,2.47022,-3.95163,-1.43652,,,,,,,,,,,,,,,,
,,,,,,,,,,,,,,,,,,,,
"	0",1.45797E+12,6.47512,-9.4152,-2.83054,,,,,,,,,,,,,,,,
,,,,,,,,,,,,,,,,,,,,
"	0",1.45797E+12,6.87196,-11.1312,-2.78206,,,,,,,,,,,,,,,,
,,,,,,,,,,,,,,,,,,,,
"	0",1.45797E+12,5.48332,-11.0552,-6.83126,,,,,,,,,,,,,,,,
,,,,,,,,,,,,,,,,,,,,
"	0",1.45797E+12,5.87896,-9.85453,-6.62835,,,,,,,,,,,,,,,,
,,,,,,,,,,,,,,,,,,,,
"	0",1.45797E+12,6.48529,-8.9202,-4.9135,,,,,,,,,,,,,,,,
,,,,,,,,,,,,,,,,,,,,
"	0",1.45797E+12,7.3909,-11.2216,-2.52229,,,,,,,,,,,,,,,,
,,,,,,,,,,,,,,,,,,,,
"	0",1.45797E+12,7.74764,-12.9454,-2.65697,,,,,,,,,,,,,,,,
,,,,,,,,,,,,,,,,,,,,
"	0",1.45797E+12,5.9478,-16.1692,-3.81097,,,,,,,,,,,,,,,,
,,,,,,,,,,,,,,,,,,,,
"	0",1.45797E+12,-0.323816,-19.6109,-0.0281319,,,,,,,,,,,,,,,,
,,,,,,,,,,,,,,,,,,,,
"	0",1.45797E+12,-2.17693,-19.6109,1.5281,,,,,,,,,,,,,,,,
,,,,,,,,,,,,,,,,,,,,
"	0",1.45797E+12,2.02729,-6.71334,-1.78069,,,,,,,,,,,,,,,,
,,,,,,,,,,,,,,,,,,,,
"	0",1.45797E+12,0.524929,-4.53881,-0.52852,,,,,,,,,,,,,,,,
,,,,,,,,,,,,,,,,,,,,
"	0",1.45797E+12,-0.0035913,-3.61644,0.253785,,,,,,,,,,,,,,,,
,,,,,,,,,,,,,,,,,,,,
"	0",1.45797E+12,2.91314,-6.53557,-3.99832,,,,,,,,,,,,,,,,
,,,,,,,,,,,,,,,,,,,,
"	0",1.45797E+12,4.35984,-7.89189,-5.36361,,,,,,,,,,,,,,,,
,,,,,,,,,,,,,,,,,,,,
"	0",1.45797E+12,3.32195,-7.46033,-2.85987,,,,,,,,,,,,,,,,
,,,,,,,,,,,,,,,,,,,,
"	0",1.45797E+12,1.49937,-8.2564,-0.398635,,,,,,,,,,,,,,,,
,,,,,,,,,,,,,,,,,,,,
"	0",1.45797E+12,2.91135,-12.5235,-0.7021,,,,,,,,,,,,,,,,
,,,,,,,,,,,,,,,,,,,,
"	0",1.45797E+12,-2.1488,-15.8335,-6.23989,,,,,,,,,,,,,,,,
,,,,,,,,,,,,,,,,,,,,
"	0",1.45797E+12,-1.41976,-16.268,-1.63045,,,,,,,,,,,,,,,,
,,,,,,,,,,,,,,,,,,,,
"	0",1.45797E+12,-0.291494,-15.9017,2.55102,,,,,,,,,,,,,,,,
,,,,,,,,,,,,,,,,,,,,
"	0",1.45797E+12,3.46501,-14.8901,1.98898,,,,,,,,,,,,,,,,
,,,,,,,,,,,,,,,,,,,,
"	0",1.45797E+12,6.56071,-13.5225,0.28072,,,,,,,,,,,,,,,,
,,,,,,,,,,,,,,,,,,,,
"	0",1.45797E+12,5.85682,-10.8559,0.0149638,,,,,,,,,,,,,,,,
,,,,,,,,,,,,,,,,,,,,
"	0",1.45797E+12,1.99198,-6.57268,1.4048,,,,,,,,,,,,,,,,
,,,,,,,,,,,,,,,,,,,,
"	0",1.45797E+12,-0.0448913,-6.37576,0.932542,,,,,,,,,,,,,,,,
,,,,,,,,,,,,,,,,,,,,
"	0",1.45797E+12,-0.366911,-6.79953,0.735618,,,,,,,,,,,,,,,,
,,,,,,,,,,,,,,,,,,,,
"	0",1.45797E+12,-0.420781,-8.00322,0.570419,,,,,,,,,,,,,,,,
,,,,,,,,,,,,,,,,,,,,
"	0",1.45797E+12,-0.311246,-9.01417,0.548272,,,,,,,,,,,,,,,,
,,,,,,,,,,,,,,,,,,,,
"	0",1.45797E+12,-0.00299275,-8.8364,0.629076,,,,,,,,,,,,,,,,
,,,,,,,,,,,,,,,,,,,,
"	0",1.45797E+12,1.80283,-7.40467,-0.88765,,,,,,,,,,,,,,,,
,,,,,,,,,,,,,,,,,,,,
"	0",1.45797E+12,7.36995,-7.1413,-0.835576,,,,,,,,,,,,,,,,
,,,,,,,,,,,,,,,,,,,,
"	0",1.45797E+12,8.75919,-7.04733,-2.8916,,,,,,,,,,,,,,,,
,,,,,,,,,,,,,,,,,,,,
"	0",1.45797E+12,9.09497,-7.17123,-8.08821,,,,,,,,,,,,,,,,
,,,,,,,,,,,,,,,,,,,,
"	0",1.45797E+12,8.02237,-8.82203,-8.46889,,,,,,,,,,,,,,,,
,,,,,,,,,,,,,,,,,,,,
"	0",1.45797E+12,7.21074,-17.7117,0.691326,,,,,,,,,,,,,,,,
,,,,,,,,,,,,,,,,,,,,
"	0",1.45797E+12,-1.6514,-19.6109,8.2977,,,,,,,,,,,,,,,,
,,,,,,,,,,,,,,,,,,,,
"	0",1.45797E+12,-2.29963,-19.6109,7.98586,,,,,,,,,,,,,,,,
,,,,,,,,,,,,,,,,,,,,
"	0",1.45797E+12,1.76273,-15.1332,2.86706,,,,,,,,,,,,,,,,
,,,,,,,,,,,,,,,,,,,,
"	0",1.45797E+12,0.942118,-8.0924,-1.85371,,,,,,,,,,,,,,,,
,,,,,,,,,,,,,,,,,,,,
"	0",1.45797E+12,0.0586579,-8.51498,-1.91835,,,,,,,,,,,,,,,,
,,,,,,,,,,,,,,,,,,,,
"	0",1.45797E+12,1.93451,-8.73644,-3.29861,,,,,,,,,,,,,,,,
,,,,,,,,,,,,,,,,,,,,
"	0",1.45797E+12,2.54085,-9.55885,-5.40371,,,,,,,,,,,,,,,,
,,,,,,,,,,,,,,,,,,,,
"	0",1.45797E+12,1.00437,-9.42717,-2.58993,,,,,,,,,,,,,,,,
,,,,,,,,,,,,,,,,,,,,
"	0",1.45797E+12,-1.22703,-8.73824,2.1865,,,,,,,,,,,,,,,,
,,,,,,,,,,,,,,,,,,,,
"	0",1.45797E+12,-1.21625,-7.4729,2.99874,,,,,,,,,,,,,,,,
,,,,,,,,,,,,,,,,,,,,
"	0",1.45797E+12,-2.05722,-4.54599,4.04381,,,,,,,,,,,,,,,,
,,,,,,,,,,,,,,,,,,,,
"	0",1.45797E+12,-3.25252,-3.53384,3.94983,,,,,,,,,,,,,,,,
,,,,,,,,,,,,,,,,,,,,
"	0",1.45797E+12,-4.71957,-2.63961,2.38822,,,,,,,,,,,,,,,,
,,,,,,,,,,,,,,,,,,,,
"	0",1.45797E+12,-5.34446,-2.7677,1.901,,,,,,,,,,,,,,,,
,,,,,,,,,,,,,,,,,,,,
"	0",1.45797E+12,-11.3377,-10.8565,-10.2466,,,,,,,,,,,,,,,,
,,,,,,,,,,,,,,,,,,,,
"	0",1.45797E+12,-10.6734,-15.8281,-18.2289,,,,,,,,,,,,,,,,
,,,,,,,,,,,,,,,,,,,,
"	0",1.45797E+12,18.7658,-18.9363,-5.82809,,,,,,,,,,,,,,,,
,,,,,,,,,,,,,,,,,,,,
"	0",1.45797E+12,4.66091,-9.88865,1.57359,,,,,,,,,,,,,,,,
,,,,,,,,,,,,,,,,,,,,
"	0",1.45797E+12,-1.98599,-2.78924,-1.25935,,,,,,,,,,,,,,,,
,,,,,,,,,,,,,,,,,,,,
"	0",1.45797E+12,-0.793678,-5.43783,2.52648,,,,,,,,,,,,,,,,
,,,,,,,,,,,,,,,,,,,,
"	0",1.45797E+12,-0.463877,-9.05846,2.33914,,,,,,,,,,,,,,,,
,,,,,,,,,,,,,,,,,,,,
"	0",1.45797E+12,3.46501,-19.6109,-1.1157,,,,,,,,,,,,,,,,
,,,,,,,,,,,,,,,,,,,,
"	0",1.45797E+12,9.26197,-8.27077,-9.87488,,,,,,,,,,,,,,,,
,,,,,,,,,,,,,,,,,,,,
"	0",1.45797E+12,-1.6496,-2.15658,3.84569,,,,,,,,,,,,,,,,
,,,,,,,,,,,,,,,,,,,,
"	0",1.45797E+12,-2.56718,-2.4373,2.47022,,,,,,,,,,,,,,,,
,,,,,,,,,,,,,,,,,,,,
"	0",1.45797E+12,-3.41832,-3.62183,2.02011,,,,,,,,,,,,,,,,
,,,,,,,,,,,,,,,,,,,,
"	0",1.45797E+12,-3.68587,-8.57962,0.534506,,,,,,,,,,,,,,,,
,,,,,,,,,,,,,,,,,,,,
"	0",1.45797E+12,-3.77326,-12.1374,0.212485,,,,,,,,,,,,,,,,
,,,,,,,,,,,,,,,,,,,,
"	0",1.45797E+12,-3.06278,-14.7094,-0.00718261,,,,,,,,,,,,,,,,
,,,,,,,,,,,,,,,,,,,,
"	0",1.45797E+12,-2.09792,-12.8676,0.254982,,,,,,,,,,,,,,,,
,,,,,,,,,,,,,,,,,,,,
"	0",1.45797E+12,-0.960673,-10.155,0.807445,,,,,,,,,,,,,,,,
,,,,,,,,,,,,,,,,,,,,
"	0",1.45797E+12,0.342969,-8.32943,1.49937,,,,,,,,,,,,,,,,
,,,,,,,,,,,,,,,,,,,,
"	0",1.45797E+12,1.73699,-8.68078,0.368109,,,,,,,,,,,,,,,,
,,,,,,,,,,,,,,,,,,,,
"	0",1.45797E+12,-4.72316,-14.9135,4.35206,,,,,,,,,,,,,,,,
,,,,,,,,,,,,,,,,,,,,
"	0",1.45797E+12,-5.13676,-13.6966,7.27179,,,,,,,,,,,,,,,,
,,,,,,,,,,,,,,,,,,,,
"	0",1.45797E+12,-3.34709,-10.9619,5.71556,,,,,,,,,,,,,,,,
,,,,,,,,,,,,,,,,,,,,
"	0",1.45797E+12,-1.38086,-8.01938,2.70066,,,,,,,,,,,,,,,,
,,,,,,,,,,,,,,,,,,,,
"	0",1.45797E+12,-0.535703,-6.13155,0.690129,,,,,,,,,,,,,,,,
,,,,,,,,,,,,,,,,,,,,
"	0",1.45797E+12,0.390853,-6.58705,-2.80062,,,,,,,,,,,,,,,,
,,,,,,,,,,,,,,,,,,,,
"	0",1.45797E+12,2.29005,-6.37516,-4.31375,,,,,,,,,,,,,,,,
,,,,,,,,,,,,,,,,,,,,
"	0",1.45797E+12,4.65792,-6.67503,-5.9873,,,,,,,,,,,,,,,,
,,,,,,,,,,,,,,,,,,,,
"	0",1.45797E+12,4.73034,-8.01519,-3.30699,,,,,,,,,,,,,,,,
,,,,,,,,,,,,,,,,,,,,
"	0",1.45797E+12,4.85185,-8.94234,-0.622492,,,,,,,,,,,,,,,,
,,,,,,,,,,,,,,,,,,,,
"	0",1.45797E+12,6.75584,-9.65103,1.46645,,,,,,,,,,,,,,,,
,,,,,,,,,,,,,,,,,,,,
"	0",1.45797E+12,3.42311,-11.2258,1.3635,,,,,,,,,,,,,,,,
,,,,,,,,,,,,,,,,,,,,
"	0",1.45797E+12,-0.32621,-9.80366,0.733823,,,,,,,,,,,,,,,,
,,,,,,,,,,,,,,,,,,,,
"	0",1.45797E+12,-0.851737,-9.31763,1.08816,,,,,,,,,,,,,,,,
,,,,,,,,,,,,,,,,,,,,
"	0",1.45797E+12,-2.12306,-8.0122,1.6502,,,,,,,,,,,,,,,,
,,,,,,,,,,,,,,,,,,,,
"	0",1.45797E+12,-2.67253,-7.55311,1.54127,,,,,,,,,,,,,,,,
,,,,,,,,,,,,,,,,,,,,
"	0",1.45797E+12,-3.57813,-7.37654,0.463877,,,,,,,,,,,,,,,,
,,,,,,,,,,,,,,,,,,,,
"	0",1.45797E+12,-3.20763,-7.41125,-0.351349,,,,,,,,,,,,,,,,
,,,,,,,,,,,,,,,,,,,,
"	0",1.45797E+12,-1.99557,-7.84939,-1.62686,,,,,,,,,,,,,,,,
,,,,,,,,,,,,,,,,,,,,
"	0",1.45797E+12,-1.41018,-8.06786,-1.82618,,,,,,,,,,,,,,,,
,,,,,,,,,,,,,,,,,,,,
"	0",1.45797E+12,-0.840365,-8.44435,-1.72622,,,,,,,,,,,,,,,,
,,,,,,,,,,,,,,,,,,,,
"	0",1.45797E+12,-0.697311,-8.5078,-1.73999,,,,,,,,,,,,,,,,
,,,,,,,,,,,,,,,,,,,,
"	0",1.45797E+12,-0.572214,-8.63648,-1.73699,,,,,,,,,,,,,,,,
,,,,,,,,,,,,,,,,,,,,
"	0",1.45797E+12,-0.350152,-8.90044,-1.7759,,,,,,,,,,,,,,,,
,,,,,,,,,,,,,,,,,,,,
"	0",1.45797E+12,0.636259,-9.64923,-2.10271,,,,,,,,,,,,,,,,
,,,,,,,,,,,,,,,,,,,,
"	0",1.45797E+12,1.24558,-10.1029,-2.13563,,,,,,,,,,,,,,,,
,,,,,,,,,,,,,,,,,,,,
"	0",1.45797E+12,2.37325,-10.3591,-2.40917,,,,,,,,,,,,,,,,
,,,,,,,,,,,,,,,,,,,,
"	0",1.45797E+12,4.80696,-10.6321,-2.00095,,,,,,,,,,,,,,,,
,,,,,,,,,,,,,,,,,,,,
"	0",1.45797E+12,2.93589,-8.73285,-0.429161,,,,,,,,,,,,,,,,
,,,,,,,,,,,,,,,,,,,,
"	0",1.45797E+12,1.88484,-7.95593,-0.462081,,,,,,,,,,,,,,,,
,,,,,,,,,,,,,,,,,,,,
"	0",1.45797E+12,1.01574,-7.30351,-0.761955,,,,,,,,,,,,,,,,
,,,,,,,,,,,,,,,,,,,,
"	0",1.45797E+12,0.40881,-6.91984,-1.02412,,,,,,,,,,,,,,,,
,,,,,,,,,,,,,,,,,,,,
"	0",1.45797E+12,-0.708684,-7.20176,-1.08577,,,,,,,,,,,,,,,,
,,,,,,,,,,,,,,,,,,,,
"	0",1.45797E+12,-0.545878,-7.44417,-0.793079,,,,,,,,,,,,,,,,
,,,,,,,,,,,,,,,,,,,,
"	0",1.45797E+12,0.464475,-7.95653,-0.213084,,,,,,,,,,,,,,,,
,,,,,,,,,,,,,,,,,,,,
"	0",1.45797E+12,1.22643,-8.15884,0.107739,,,,,,,,,,,,,,,,
,,,,,,,,,,,,,,,,,,,,
"	0",1.45797E+12,2.6031,-8.12712,0.216675,,,,,,,,,,,,,,,,
,,,,,,,,,,,,,,,,,,,,
"	0",1.45797E+12,3.18249,-7.47709,-0.13228,,,,,,,,,,,,,,,,
,,,,,,,,,,,,,,,,,,,,
"	0",1.45797E+12,3.20165,-6.99586,-0.368109,,,,,,,,,,,,,,,,
,,,,,,,,,,,,,,,,,,,,
"	0",1.45797E+12,3.13461,-6.48649,-0.647632,,,,,,,,,,,,,,,,
,,,,,,,,,,,,,,,,,,,,
"	0",1.45797E+12,0.885256,-6.22073,-1.10911,,,,,,,,,,,,,,,,
,,,,,,,,,,,,,,,,,,,,
"	0",1.45797E+12,-0.262764,-7.29932,-1.24977,,,,,,,,,,,,,,,,
,,,,,,,,,,,,,,,,,,,,
"	0",1.45797E+12,-0.634463,-7.82485,-1.51134,,,,,,,,,,,,,,,,
,,,,,,,,,,,,,,,,,,,,
"	0",1.45797E+12,-1.07679,-8.03793,-1.92075,,,,,,,,,,,,,,,,
,,,,,,,,,,,,,,,,,,,,
"	0",1.45797E+12,-0.413,-7.82665,-3.50212,,,,,,,,,,,,,,,,
,,,,,,,,,,,,,,,,,,,,
"	0",1.45797E+12,2.09612,-17.0443,-1.97282,,,,,,,,,,,,,,,,
,,,,,,,,,,,,,,,,,,,,
"	0",1.45797E+12,2.70246,-19.6109,-0.171784,,,,,,,,,,,,,,,,
,,,,,,,,,,,,,,,,,,,,
"	0",1.45797E+12,1.9824,-16.5966,0.464475,,,,,,,,,,,,,,,,
,,,,,,,,,,,,,,,,,,,,
"	0",1.45797E+12,2.43011,-10.3783,0.195726,,,,,,,,,,,,,,,,
,,,,,,,,,,,,,,,,,,,,
"	0",1.45797E+12,3.5506,-11.9106,-0.201711,,,,,,,,,,,,,,,,
,,,,,,,,,,,,,,,,,,,,
"	0",1.45797E+12,4.87759,-14.1803,-0.590171,,,,,,,,,,,,,,,,
,,,,,,,,,,,,,,,,,,,,
"	0",1.45797E+12,4.55676,-9.89943,0.785897,,,,,,,,,,,,,,,,
,,,,,,,,,,,,,,,,,,,,
"	0",1.45797E+12,1.93571,-7.16644,1.09774,,,,,,,,,,,,,,,,
,,,,,,,,,,,,,,,,,,,,
"	0",1.45797E+12,-1.0337,-9.7025,3.67989,,,,,,,,,,,,,,,,
,,,,,,,,,,,,,,,,,,,,
"	0",1.45797E+12,-1.06183,-8.71789,0.498592,,,,,,,,,,,,,,,,
,,,,,,,,,,,,,,,,,,,,
"	0",1.45797E+12,0.285509,-8.29591,-3.632,,,,,,,,,,,,,,,,
,,,,,,,,,,,,,,,,,,,,
"	0",1.45797E+12,2.04405,-8.27496,-0.20231,,,,,,,,,,,,,,,,
,,,,,,,,,,,,,,,,,,,,
"	0",1.45797E+12,2.87663,-10.978,2.06799,,,,,,,,,,,,,,,,
,,,,,,,,,,,,,,,,,,,,
"	0",1.45797E+12,3.68887,-11.8902,3.69425,,,,,,,,,,,,,,,,
,,,,,,,,,,,,,,,,,,,,
"	0",1.45797E+12,3.76189,-8.22169,-2.66056,,,,,,,,,,,,,,,,
,,,,,,,,,,,,,,,,,,,,
"	0",1.45797E+12,3.11725,-4.5406,-4.96258,,,,,,,,,,,,,,,,
,,,,,,,,,,,,,,,,,,,,
"	0",1.45797E+12,3.98874,-5.60662,-5.54318,,,,,,,,,,,,,,,,
,,,,,,,,,,,,,,,,,,,,
"	0",1.45797E+12,3.81995,-6.69239,-4.14616,,,,,,,,,,,,,,,,
,,,,,,,,,,,,,,,,,,,,
"	0",1.45797E+12,3.76069,-7.96371,-1.25815,,,,,,,,,,,,,,,,
,,,,,,,,,,,,,,,,,,,,
"	0",1.45797E+12,4.2527,-8.37611,0.61112,,,,,,,,,,,,,,,,
,,,,,,,,,,,,,,,,,,,,
"	0",1.45797E+12,2.9742,-9.72704,2.5594,,,,,,,,,,,,,,,,
,,,,,,,,,,,,,,,,,,,,
"	0",1.45797E+12,2.07039,-9.44273,1.94349,,,,,,,,,,,,,,,,
,,,,,,,,,,,,,,,,,,,,
"	0",1.45797E+12,0.992995,-9.02375,1.50715,,,,,,,,,,,,,,,,
,,,,,,,,,,,,,,,,,,,,
"	0",1.45797E+12,-0.379481,-8.41382,1.18333,,,,,,,,,,,,,,,,
,,,,,,,,,,,,,,,,,,,,
"	0",1.45797E+12,1.73101,-9.00399,-0.120309,,,,,,,,,,,,,,,,
,,,,,,,,,,,,,,,,,,,,
"	0",1.45797E+12,7.85717,-16.2423,-6.95875,,,,,,,,,,,,,,,,
,,,,,,,,,,,,,,,,,,,,
"	0",1.45797E+12,5.10324,-17.6339,-9.87788,,,,,,,,,,,,,,,,
,,,,,,,,,,,,,,,,,,,,
"	0",1.45797E+12,3.15316,-15.8664,-6.76063,,,,,,,,,,,,,,,,
,,,,,,,,,,,,,,,,,,,,
"	0",1.45797E+12,0.240019,-15.0398,2.30262,,,,,,,,,,,,,,,,
,,,,,,,,,,,,,,,,,,,,
"	0",1.45797E+12,-0.521936,-18.7723,4.8303,,,,,,,,,,,,,,,,
,,,,,,,,,,,,,,,,,,,,
"	0",1.45797E+12,-0.23942,-14.4167,4.77763,,,,,,,,,,,,,,,,
,,,,,,,,,,,,,,,,,,,,
"	0",1.45797E+12,0.29748,-11.2037,2.0632,,,,,,,,,,,,,,,,
,,,,,,,,,,,,,,,,,,,,
"	0",1.45797E+12,0.185551,-6.68581,-0.828992,,,,,,,,,,,,,,,,
,,,,,,,,,,,,,,,,,,,,
"	0",1.45797E+12,-0.75956,-5.17986,-2.78266,,,,,,,,,,,,,,,,
,,,,,,,,,,,,,,,,,,,,
"	0",1.45797E+12,-1.77171,-5.8634,-1.73161,,,,,,,,,,,,,,,,
,,,,,,,,,,,,,,,,,,,,
"	0",1.45797E+12,-2.34512,-6.01005,-0.0107739,,,,,,,,,,,,,,,,
,,,,,,,,,,,,,,,,,,,,
"	0",1.45797E+12,-0.553061,-5.85023,-0.489016,,,,,,,,,,,,,,,,
,,,,,,,,,,,,,,,,,,,,
"	0",1.45797E+12,0.199317,-4.94941,-1.64242,,,,,,,,,,,,,,,,
,,,,,,,,,,,,,,,,,,,,
"	0",1.45797E+12,0.854131,-5.46297,-2.50912,,,,,,,,,,,,,,,,
,,,,,,,,,,,,,,,,,,,,
"	0",1.45797E+12,4.28861,-7.79672,-1.00078,,,,,,,,,,,,,,,,
,,,,,,,,,,,,,,,,,,,,
"	0",1.45797E+12,1.075,-2.61507,1.49398,,,,,,,,,,,,,,,,
,,,,,,,,,,,,,,,,,,,,
"	0",1.45797E+12,-0.227449,-2.91494,-0.0113725,,,,,,,,,,,,,,,,
,,,,,,,,,,,,,,,,,,,,
"	0",1.45797E+12,-0.263362,-4.85125,-2.95504,,,,,,,,,,,,,,,,
,,,,,,,,,,,,,,,,,,,,
"	0",1.45797E+12,0.895431,-9.7869,-2.86646,,,,,,,,,,,,,,,,
,,,,,,,,,,,,,,,,,,,,
"	0",1.45797E+12,4.06476,-15.542,-1.16837,,,,,,,,,,,,,,,,
,,,,,,,,,,,,,,,,,,,,
"	0",1.45797E+12,-0.393846,-14.9434,-0.633266,,,,,,,,,,,,,,,,
,,,,,,,,,,,,,,,,,,,,
"	0",1.45797E+12,-1.45986,-8.48565,1.67415,,,,,,,,,,,,,,,,
,,,,,,,,,,,,,,,,,,,,
"	0",1.45797E+12,1.71066,-13.7026,0.594959,,,,,,,,,,,,,,,,
,,,,,,,,,,,,,,,,,,,,
"	0",1.45797E+12,6.69598,-19.6109,-0.271742,,,,,,,,,,,,,,,,
,,,,,,,,,,,,,,,,,,,,
"	0",1.45797E+12,3.86544,-11.0983,0.269946,,,,,,,,,,,,,,,,
,,,,,,,,,,,,,,,,,,,,
"	0",1.45797E+12,2.06679,-7.60638,-0.510563,,,,,,,,,,,,,,,,
,,,,,,,,,,,,,,,,,,,,
"	0",1.45797E+12,0.348356,-7.61715,-0.0143652,,,,,,,,,,,,,,,,
,,,,,,,,,,,,,,,,,,,,
"	0",1.45797E+12,-1.80942,-10.9367,2.39719,,,,,,,,,,,,,,,,
,,,,,,,,,,,,,,,,,,,,
"	0",1.45797E+12,-1.83516,-9.64265,2.49117,,,,,,,,,,,,,,,,
,,,,,,,,,,,,,,,,,,,,
"	0",1.45797E+12,-1.39402,-7.09941,1.66098,,,,,,,,,,,,,,,,
,,,,,,,,,,,,,,,,,,,,
"	0",1.45797E+12,-1.17136,-6.06571,0.855329,,,,,,,,,,,,,,,,
,,,,,,,,,,,,,,,,,,,,
"	0",1.45797E+12,0.494403,-2.81857,-2.05961,,,,,,,,,,,,,,,,
,,,,,,,,,,,,,,,,,,,,
"	0",1.45797E+12,1.14682,-1.7346,-1.55324,,,,,,,,,,,,,,,,
,,,,,,,,,,,,,,,,,,,,
"	0",1.45797E+12,1.36769,-1.70228,-1.25815,,,,,,,,,,,,,,,,
,,,,,,,,,,,,,,,,,,,,
"	0",1.45797E+12,1.53468,-2.28467,-1.13605,,,,,,,,,,,,,,,,
,,,,,,,,,,,,,,,,,,,,
"	0",1.45797E+12,1.97402,-5.49409,-1.83575,,,,,,,,,,,,,,,,
,,,,,,,,,,,,,,,,,,,,
"	0",1.45797E+12,2.93709,-7.25084,-2.1057,,,,,,,,,,,,,,,,
,,,,,,,,,,,,,,,,,,,,
"	0",1.45797E+12,4.68126,-8.48924,-1.69569,,,,,,,,,,,,,,,,
,,,,,,,,,,,,,,,,,,,,
"	0",1.45797E+12,6.37037,-9.18416,-0.986411,,,,,,,,,,,,,,,,
,,,,,,,,,,,,,,,,,,,,
"	0",1.45797E+12,7.37534,-9.77433,0.0131681,,,,,,,,,,,,,,,,
,,,,,,,,,,,,,,,,,,,,
"	0",1.45797E+12,7.79133,-10.2999,1.57778,,,,,,,,,,,,,,,,
,,,,,,,,,,,,,,,,,,,,
"	0",1.45797E+12,8.08342,-10.5913,1.59274,,,,,,,,,,,,,,,,
,,,,,,,,,,,,,,,,,,,,
"	0",1.45797E+12,7.54952,-10.3011,-0.193332,,,,,,,,,,,,,,,,
,,,,,,,,,,,,,,,,,,,,
"	0",1.45797E+12,5.17806,-9.36851,-1.88903,,,,,,,,,,,,,,,,
,,,,,,,,,,,,,,,,,,,,
"	0",1.45797E+12,6.30393,-14.3742,-6.11359,,,,,,,,,,,,,,,,
,,,,,,,,,,,,,,,,,,,,
"	0",1.45797E+12,1.3629,-12.6067,0.810437,,,,,,,,,,,,,,,,
,,,,,,,,,,,,,,,,,,,,
"	0",1.45797E+12,1.14742,-9.37689,-1.05824,,,,,,,,,,,,,,,,
,,,,,,,,,,,,,,,,,,,,
"	0",1.45797E+12,1.85132,-5.80953,-1.63943,,,,,,,,,,,,,,,,
,,,,,,,,,,,,,,,,,,,,
"	0",1.45797E+12,2.2715,-2.50912,-3.4686,,,,,,,,,,,,,,,,
,,,,,,,,,,,,,,,,,,,,
"	0",1.45797E+12,1.35332,-2.18291,-4.13539,,,,,,,,,,,,,,,,
,,,,,,,,,,,,,,,,,,,,
"	0",1.45797E+12,-1.05345,-3.53085,-3.26809,,,,,,,,,,,,,,,,
,,,,,,,,,,,,,,,,,,,,
"	0",1.45797E+12,-2.78146,-4.46698,-0.304064,,,,,,,,,,,,,,,,
,,,,,,,,,,,,,,,,,,,,
"	0",1.45797E+12,-3.0951,-4.36403,-0.0826,,,,,,,,,,,,,,,,
,,,,,,,,,,,,,,,,,,,,
"	0",1.45797E+12,-2.70246,-4.32812,-0.763152,,,,,,,,,,,,,,,,
,,,,,,,,,,,,,,,,,,,,
"	0",1.45797E+12,-2.29484,-4.49272,-0.889446,,,,,,,,,,,,,,,,
,,,,,,,,,,,,,,,,,,,,
"	0",1.45797E+12,-1.31382,-5.61321,-1.13186,,,,,,,,,,,,,,,,
,,,,,,,,,,,,,,,,,,,,
"	0",1.45797E+12,0.089184,-8.30309,-0.459088,,,,,,,,,,,,,,,,
,,,,,,,,,,,,,,,,,,,,
"	0",1.45797E+12,4.4616,-4.41491,-1.91237,,,,,,,,,,,,,,,,
,,,,,,,,,,,,,,,,,,,,
"	0",1.45797E+12,4.24133,-3.35787,-1.44729,,,,,,,,,,,,,,,,
,,,,,,,,,,,,,,,,,,,,
"	0",1.45797E+12,2.37325,-4.63996,-0.504578,,,,,,,,,,,,,,,,
,,,,,,,,,,,,,,,,,,,,
"	0",1.45797E+12,1.3623,-12.7617,-2.46304,,,,,,,,,,,,,,,,
,,,,,,,,,,,,,,,,,,,,
"	0",1.45797E+12,1.42216,-18.8226,-1.95307,,,,,,,,,,,,,,,,
,,,,,,,,,,,,,,,,,,,,
"	0",1.45797E+12,1.62267,-19.6109,-0.89603,,,,,,,,,,,,,,,,
,,,,,,,,,,,,,,,,,,,,
"	0",1.45797E+12,1.157,-19.6109,0.885855,,,,,,,,,,,,,,,,
,,,,,,,,,,,,,,,,,,,,
"	0",1.45797E+12,0.379481,-19.6109,1.0744,,,,,,,,,,,,,,,,
,,,,,,,,,,,,,,,,,,,,
"	0",1.45797E+12,0.523133,-14.2688,-1.31142,,,,,,,,,,,,,,,,
,,,,,,,,,,,,,,,,,,,,
"	0",1.45797E+12,0.392051,-11.892,-1.31322,,,,,,,,,,,,,,,,
,,,,,,,,,,,,,,,,,,,,
"	0",1.45797E+12,1.06243,-11.1402,-0.588974,,,,,,,,,,,,,,,,
,,,,,,,,,,,,,,,,,,,,
"	0",1.45797E+12,2.67612,-12.3128,-0.292691,,,,,,,,,,,,,,,,
,,,,,,,,,,,,,,,,,,,,
"	0",1.45797E+12,4.09887,-13.4901,-0.0484826,,,,,,,,,,,,,,,,
,,,,,,,,,,,,,,,,,,,,
"	0",1.45797E+12,4.40713,-9.00699,-6.33147,,,,,,,,,,,,,,,,
,,,,,,,,,,,,,,,,,,,,
"	0",1.45797E+12,0.56982,-9.86471,-3.1777,,,,,,,,,,,,,,,,
,,,,,,,,,,,,,,,,,,,,
"	0",1.45797E+12,2.21105,-8.64067,-4.20841,,,,,,,,,,,,,,,,
,,,,,,,,,,,,,,,,,,,,
"	0",1.45797E+12,3.304,-6.67204,-1.10732,,,,,,,,,,,,,,,,
,,,,,,,,,,,,,,,,,,,,
"	0",1.45797E+12,2.76051,-6.27101,-1.52391,,,,,,,,,,,,,,,,
,,,,,,,,,,,,,,,,,,,,
"	0",1.45797E+12,2.48159,-3.41832,-3.28006,,,,,,,,,,,,,,,,
,,,,,,,,,,,,,,,,,,,,
"	0",1.45797E+12,-0.758962,-6.40748,-2.47321,,,,,,,,,,,,,,,,
,,,,,,,,,,,,,,,,,,,,
"	0",1.45797E+12,-2.2314,-9.49002,-1.49877,,,,,,,,,,,,,,,,
,,,,,,,,,,,,,,,,,,,,
"	0",1.45797E+12,-2.05722,-11.7483,-2.75094,,,,,,,,,,,,,,,,
,,,,,,,,,,,,,,,,,,,,
"	0",1.45797E+12,-2.3535,-10.2777,-3.35907,,,,,,,,,,,,,,,,
,,,,,,,,,,,,,,,,,,,,
"	0",1.45797E+12,-2.58334,-11.4144,-5.47135,,,,,,,,,,,,,,,,
,,,,,,,,,,,,,,,,,,,,
"	0",1.45797E+12,2.19069,-2.12785,-2.87963,,,,,,,,,,,,,,,,
,,,,,,,,,,,,,,,,,,,,
"	0",1.45797E+12,1.25516,-4.52803,-4.19943,,,,,,,,,,,,,,,,
,,,,,,,,,,,,,,,,,,,,
"	0",1.45797E+12,0.857124,-9.63906,-2.30921,,,,,,,,,,,,,,,,
,,,,,,,,,,,,,,,,,,,,
"	0",1.45797E+12,1.21386,-8.39467,-0.807445,,,,,,,,,,,,,,,,
,,,,,,,,,,,,,,,,,,,,
"	0",1.45797E+12,0.237625,-5.91547,-0.129287,,,,,,,,,,,,,,,,
,,,,,,,,,,,,,,,,,,,,
"	0",1.45797E+12,-0.201113,-4.77883,-1.05105,,,,,,,,,,,,,,,,
,,,,,,,,,,,,,,,,,,,,
"	0",1.45797E+12,-1.29287,-5.71137,-1.18693,,,,,,,,,,,,,,,,
,,,,,,,,,,,,,,,,,,,,
"	0",1.45797E+12,-0.948702,-3.73017,-2.05004,,,,,,,,,,,,,,,,
,,,,,,,,,,,,,,,,,,,,
"	0",1.45797E+12,-0.0341174,-2.46842,-2.92931,,,,,,,,,,,,,,,,
,,,,,,,,,,,,,,,,,,,,
"	0",1.45797E+12,-2.70365,-12.0793,-0.956484,,,,,,,,,,,,,,,,
,,,,,,,,,,,,,,,,,,,,
"	0",1.45797E+12,-3.83252,-18.0379,-0.907402,,,,,,,,,,,,,,,,
,,,,,,,,,,,,,,,,,,,,
"	0",1.45797E+12,-7.83084,-19.6109,-1.35272,,,,,,,,,,,,,,,,
,,,,,,,,,,,,,,,,,,,,
"	0",1.45797E+12,-8.94055,-19.6109,-2.51511,,,,,,,,,,,,,,,,
,,,,,,,,,,,,,,,,,,,,
"	0",1.45797E+12,-7.54772,-18.9513,-1.06901,,,,,,,,,,,,,,,,
,,,,,,,,,,,,,,,,,,,,
"	0",1.45797E+12,-6.05733,-14.1755,-0.570419,,,,,,,,,,,,,,,,
,,,,,,,,,,,,,,,,,,,,
"	0",1.45797E+12,2.22302,-9.79588,-5.50367,,,,,,,,,,,,,,,,
,,,,,,,,,,,,,,,,,,,,
"	0",1.45797E+12,2.46902,-12.7785,-7.44477,,,,,,,,,,,,,,,,
,,,,,,,,,,,,,,,,,,,,
"	0",1.45797E+12,3.82354,-13.4057,-6.24767,,,,,,,,,,,,,,,,
,,,,,,,,,,,,,,,,,,,,
"	0",1.45797E+12,3.20404,-14.4041,-3.03884,,,,,,,,,,,,,,,,
,,,,,,,,,,,,,,,,,,,,
"	0",1.45797E+12,1.35272,-16.1028,-2.20207,,,,,,,,,,,,,,,,
,,,,,,,,,,,,,,,,,,,,
"	0",1.45797E+12,-1.01933,-13.6134,-2.95684,,,,,,,,,,,,,,,,
,,,,,,,,,,,,,,,,,,,,
"	0",1.45797E+12,-0.915184,-10.9253,-3.49913,,,,,,,,,,,,,,,,
,,,,,,,,,,,,,,,,,,,,
"	0",1.45797E+12,-2.82636,-10.1778,-3.89716,,,,,,,,,,,,,,,,
,,,,,,,,,,,,,,,,,,,,
"	0",1.45797E+12,-6.33745,-9.02794,-2.27868,,,,,,,,,,,,,,,,
,,,,,,,,,,,,,,,,,,,,
"	0",1.45797E+12,-7.27777,-8.16243,-1.88543,,,,,,,,,,,,,,,,
,,,,,,,,,,,,,,,,,,,,
"	0",1.45797E+12,-7.24545,-7.513,-1.68851,,,,,,,,,,,,,,,,
,,,,,,,,,,,,,,,,,,,,
"	0",1.45797E+12,-6.93899,-7.21134,-2.34572,,,,,,,,,,,,,,,,
,,,,,,,,,,,,,,,,,,,,
"	0",1.45797E+12,-6.70736,-7.60219,-2.81678,,,,,,,,,,,,,,,,
,,,,,,,,,,,,,,,,,,,,
"	0",1.45797E+12,-0.581791,-4.95779,-2.90058,,,,,,,,,,,,,,,,
,,,,,,,,,,,,,,,,,,,,
"	0",1.45797E+12,1.20488,-4.18506,-2.16376,,,,,,,,,,,,,,,,
,,,,,,,,,,,,,,,,,,,,
"	0",1.45797E+12,2.51391,-3.87322,-1.65858,,,,,,,,,,,,,,,,
,,,,,,,,,,,,,,,,,,,,
"	0",1.45797E+12,2.52648,-6.48948,-0.650624,,,,,,,,,,,,,,,,
,,,,,,,,,,,,,,,,,,,,
"	0",1.45797E+12,3.50152,-6.42005,0.0760159,,,,,,,,,,,,,,,,
,,,,,,,,,,,,,,,,,,,,
"	0",1.45797E+12,-2.7677,-6.83784,2.34991,,,,,,,,,,,,,,,,
,,,,,,,,,,,,,,,,,,,,
"	0",1.45797E+12,-4.67408,-8.22827,1.17914,,,,,,,,,,,,,,,,
,,,,,,,,,,,,,,,,,,,,
"	0",1.45797E+12,-6.17165,-11.4724,-3.0161,,,,,,,,,,,,,,,,
,,,,,,,,,,,,,,,,,,,,
"	0",1.45797E+12,-4.64236,-11.9345,-6.01005,,,,,,,,,,,,,,,,
,,,,,,,,,,,,,,,,,,,,
"	0",1.45797E+12,-3.61105,-11.7076,-5.86639,,,,,,,,,,,,,,,,
,,,,,,,,,,,,,,,,,,,,
"	0",1.45797E+12,-2.60489,-11.3569,-5.01047,,,,,,,,,,,,,,,,
,,,,,,,,,,,,,,,,,,,,
"	0",1.45797E+12,-1.19291,-11.6681,-3.67749,,,,,,,,,,,,,,,,
,,,,,,,,,,,,,,,,,,,,
"	0",1.45797E+12,1.41497,-14.0246,-0.0299275,,,,,,,,,,,,,,,,
,,,,,,,,,,,,,,,,,,,,
"	0",1.45797E+12,2.89279,-15.4097,1.47243,,,,,,,,,,,,,,,,
,,,,,,,,,,,,,,,,,,,,
"	0",1.45797E+12,2.61926,-16.1543,2.54504,,,,,,,,,,,,,,,,
,,,,,,,,,,,,,,,,,,,,
"	0",1.45797E+12,2.07338,-13.9444,2.15059,,,,,,,,,,,,,,,,
,,,,,,,,,,,,,,,,,,,,
"	0",1.45797E+12,1.16538,-13.535,1.42694,,,,,,,,,,,,,,,,
,,,,,,,,,,,,,,,,,,,,
"	0",1.45797E+12,-6.12736,-8.69574,1.31681,,,,,,,,,,,,,,,,
,,,,,,,,,,,,,,,,,,,,
"	0",1.45797E+12,-2.41336,-10.9152,1.02292,,,,,,,,,,,,,,,,
,,,,,,,,,,,,,,,,,,,,
"	0",1.45797E+12,10.5387,-19.329,2.55521,,,,,,,,,,,,,,,,
,,,,,,,,,,,,,,,,,,,,
"	0",1.45797E+12,2.78865,-19.6109,3.28604,,,,,,,,,,,,,,,,
,,,,,,,,,,,,,,,,,,,,
"	0",1.45797E+12,11.0325,-6.58585,-3.59729,,,,,,,,,,,,,,,,
,,,,,,,,,,,,,,,,,,,,
"	0",1.45797E+12,10.2687,-1.49638,-8.89446,,,,,,,,,,,,,,,,
,,,,,,,,,,,,,,,,,,,,
"	0",1.45797E+12,3.60267,-4.10606,-6.24887,,,,,,,,,,,,,,,,
,,,,,,,,,,,,,,,,,,,,
"	0",1.45797E+12,-6.10402,-8.67,-0.571017,,,,,,,,,,,,,,,,
,,,,,,,,,,,,,,,,,,,,
"	0",1.45797E+12,6.39072,-6.61757,-0.530914,,,,,,,,,,,,,,,,
,,,,,,,,,,,,,,,,,,,,
"	0",1.45797E+12,7.3921,-10.1095,-2.59711,,,,,,,,,,,,,,,,
,,,,,,,,,,,,,,,,,,,,
"	0",1.45797E+12,12.4391,-7.60937,6.06272,,,,,,,,,,,,,,,,
,,,,,,,,,,,,,,,,,,,,
"	0",1.45797E+12,19.5594,-6.80193,4.29999,,,,,,,,,,,,,,,,
,,,,,,,,,,,,,,,,,,,,
"	0",1.45797E+12,1.35931,-9.41699,5.33488,,,,,,,,,,,,,,,,
,,,,,,,,,,,,,,,,,,,,
"	0",1.45797E+12,1.2797,-9.93534,7.27299,,,,,,,,,,,,,,,,
,,,,,,,,,,,,,,,,,,,,
"	0",1.45797E+12,4.02405,-13.4105,11.9327,,,,,,,,,,,,,,,,
,,,,,,,,,,,,,,,,,,,,
"	0",1.45797E+12,4.55317,-13.7415,12.6623,,,,,,,,,,,,,,,,
,,,,,,,,,,,,,,,,,,,,
"	0",1.45797E+12,4.90512,-13.4608,13.298,,,,,,,,,,,,,,,,
,,,,,,,,,,,,,,,,,,,,
"	0",1.45797E+12,5.39294,-9.98622,14.4047,,,,,,,,,,,,,,,,
,,,,,,,,,,,,,,,,,,,,
"	0",1.45797E+12,5.39294,-9.98622,14.4047,,,,,,,,,,,,,,,,
,,,,,,,,,,,,,,,,,,,,
"	0",1.45797E+12,2.21823,-8.48864,12.8557,,,,,,,,,,,,,,,,
,,,,,,,,,,,,,,,,,,,,
"	0",1.45797E+12,-0.645836,-10.8607,8.69933,,,,,,,,,,,,,,,,
,,,,,,,,,,,,,,,,,,,,
"	0",1.45797E+12,-1.63045,-9.74859,5.83347,,,,,,,,,,,,,,,,
,,,,,,,,,,,,,,,,,,,,
"	0",1.45797E+12,-1.56521,-6.68401,4.4604,,,,,,,,,,,,,,,,
,,,,,,,,,,,,,,,,,,,,
"	0",1.45797E+12,-1.47962,-5.9873,3.87741,,,,,,,,,,,,,,,,
,,,,,,,,,,,,,,,,,,,,
"	0",1.45797E+12,-1.20189,-6.52719,4.30777,,,,,,,,,,,,,,,,
,,,,,,,,,,,,,,,,,,,,
"	0",1.45797E+12,-0.426168,-6.65349,4.25809,,,,,,,,,,,,,,,,
,,,,,,,,,,,,,,,,,,,,
"	0",1.45797E+12,3.2202,-17.1473,-7.93798,,,,,,,,,,,,,,,,
,,,,,,,,,,,,,,,,,,,,
"	0",1.45797E+12,7.57047,-7.04733,1.39941,,,,,,,,,,,,,,,,
,,,,,,,,,,,,,,,,,,,,
"	0",1.45797E+12,5.83587,-8.11395,2.30562,,,,,,,,,,,,,,,,
,,,,,,,,,,,,,,,,,,,,
"	0",1.45797E+12,5.46955,-5.96815,5.11102,,,,,,,,,,,,,,,,
,,,,,,,,,,,,,,,,,,,,
"	0",1.45797E+12,6.88393,-5.74549,3.89596,,,,,,,,,,,,,,,,
,,,,,,,,,,,,,,,,,,,,
"	0",1.45797E+12,4.6651,-6.16148,-0.311845,,,,,,,,,,,,,,,,
,,,,,,,,,,,,,,,,,,,,
"	0",1.45797E+12,7.79791,-6.87196,-1.9411,,,,,,,,,,,,,,,,
,,,,,,,,,,,,,,,,,,,,
"	0",1.45797E+12,7.75721,-6.87734,-1.59274,,,,,,,,,,,,,,,,
,,,,,,,,,,,,,,,,,,,,
"	0",1.45797E+12,8.01579,-6.33805,-0.54109,,,,,,,,,,,,,,,,
,,,,,,,,,,,,,,,,,,,,
"	0",1.45797E+12,6.58765,-6.88094,-0.61531,,,,,,,,,,,,,,,,
,,,,,,,,,,,,,,,,,,,,
"	0",1.45797E+12,4.40174,-7.67222,0.0347159,,,,,,,,,,,,,,,,
,,,,,,,,,,,,,,,,,,,,
"	0",1.45797E+12,9.70131,-3.16932,-3.52606,,,,,,,,,,,,,,,,
,,,,,,,,,,,,,,,,,,,,
"	0",1.45797E+12,10.5099,-0.472256,-3.00233,,,,,,,,,,,,,,,,
,,,,,,,,,,,,,,,,,,,,
"	0",1.45797E+12,10.7105,-0.0897826,-3.57394,,,,,,,,,,,,,,,,
,,,,,,,,,,,,,,,,,,,,
"	0",1.45797E+12,9.2919,2.09732,0.391452,,,,,,,,,,,,,,,,
,,,,,,,,,,,,,,,,,,,,
"	0",1.45797E+12,10.8362,1.9423,-2.69228,,,,,,,,,,,,,,,,
,,,,,,,,,,,,,,,,,,,,
"	0",1.45797E+12,11.8471,1.88543,0.283114,,,,,,,,,,,,,,,,
,,,,,,,,,,,,,,,,,,,,
"	0",1.45797E+12,13.6721,1.35452,1.37068,,,,,,,,,,,,,,,,
,,,,,,,,,,,,,,,,,,,,
"	0",1.45797E+12,13.6751,2.44568,4.54838,,,,,,,,,,,,,,,,
,,,,,,,,,,,,,,,,,,,,
"	0",1.45797E+12,11.312,2.79643,5.52881,,,,,,,,,,,,,,,,
,,,,,,,,,,,,,,,,,,,,
"	0",1.45797E+12,7.54233,2.63721,5.05715,,,,,,,,,,,,,,,,
,,,,,,,,,,,,,,,,,,,,
"	0",1.45797E+12,7.50762,2.44987,3.45902,,,,,,,,,,,,,,,,
,,,,,,,,,,,,,,,,,,,,
"	0",1.45797E+12,5.29178,-0.314838,4.06416,,,,,,,,,,,,,,,,
,,,,,,,,,,,,,,,,,,,,
"	0",1.45797E+12,9.55047,1.73639,4.70221,,,,,,,,,,,,,,,,
,,,,,,,,,,,,,,,,,,,,
"	0",1.45797E+12,7.99125,2.12126,3.84629,,,,,,,,,,,,,,,,
,,,,,,,,,,,,,,,,,,,,
"	0",1.45797E+12,6.07888,3.03704,4.35565,,,,,,,,,,,,,,,,
,,,,,,,,,,,,,,,,,,,,
"	0",1.45797E+12,7.09522,2.35111,5.46237,,,,,,,,,,,,,,,,
,,,,,,,,,,,,,,,,,,,,
"	0",1.45797E+12,8.18278,2.98796,5.87896,,,,,,,,,,,,,,,,
,,,,,,,,,,,,,,,,,,,,
"	0",1.45797E+12,8.15585,3.17651,5.60902,,,,,,,,,,,,,,,,
,,,,,,,,,,,,,,,,,,,,
"	0",1.45797E+12,6.03159,3.49075,4.92966,,,,,,,,,,,,,,,,
,,,,,,,,,,,,,,,,,,,,
"	0",1.45797E+12,5.67127,4.10606,4.56634,,,,,,,,,,,,,,,,
,,,,,,,,,,,,,,,,,,,,
"	0",1.45797E+12,5.65091,4.23534,4.6226,,,,,,,,,,,,,,,,
,,,,,,,,,,,,,,,,,,,,
"	0",1.45797E+12,5.94001,4.06775,4.84167,,,,,,,,,,,,,,,,
,,,,,,,,,,,,,,,,,,,,
"	0",1.45797E+12,6.04177,4.11503,5.4905,,,,,,,,,,,,,,,,
,,,,,,,,,,,,,,,,,,,,
"	0",1.45797E+12,6.62655,5.36481,6.08486,,,,,,,,,,,,,,,,
,,,,,,,,,,,,,,,,,,,,
"	0",1.45797E+12,6.53976,5.82868,6.38294,,,,,,,,,,,,,,,,
,,,,,,,,,,,,,,,,,,,,
"	0",1.45797E+12,7.83143,4.94223,5.39054,,,,,,,,,,,,,,,,
,,,,,,,,,,,,,,,,,,,,
"	0",1.45797E+12,6.54934,4.88178,6.98688,,,,,,,,,,,,,,,,
,,,,,,,,,,,,,,,,,,,,
"	0",1.45797E+12,6.49367,4.92368,7.31429,,,,,,,,,,,,,,,,
,,,,,,,,,,,,,,,,,,,,
"	0",1.45797E+12,6.14532,4.62799,7.86854,,,,,,,,,,,,,,,,
,,,,,,,,,,,,,,,,,,,,
"	0",1.45797E+12,5.13856,4.76805,7.43041,,,,,,,,,,,,,,,,
,,,,,,,,,,,,,,,,,,,,
"	0",1.45797E+12,5.41928,4.60884,7.89069,,,,,,,,,,,,,,,,
,,,,,,,,,,,,,,,,,,,,
"	0",1.45797E+12,4.93265,5.46177,7.89548,,,,,,,,,,,,,,,,
,,,,,,,,,,,,,,,,,,,,
"	0",1.45797E+12,4.42808,6.45058,7.70514,,,,,,,,,,,,,,,,
,,,,,,,,,,,,,,,,,,,,
"	0",1.45797E+12,4.11922,6.43741,8.82982,,,,,,,,,,,,,,,,
,,,,,,,,,,,,,,,,,,,,
"	0",1.45797E+12,4.44723,4.47895,10.8284,,,,,,,,,,,,,,,,
,,,,,,,,,,,,,,,,,,,,
"	0",1.45797E+12,2.3948,2.78745,8.11934,,,,,,,,,,,,,,,,
,,,,,,,,,,,,,,,,,,,,
"	0",1.45797E+12,1.98779,2.33135,6.57508,,,,,,,,,,,,,,,,
,,,,,,,,,,,,,,,,,,,,
"	0",1.45797E+12,1.92135,3.42491,5.11401,,,,,,,,,,,,,,,,
,,,,,,,,,,,,,,,,,,,,
"	0",1.45797E+12,1.53229,3.44825,5.85861,,,,,,,,,,,,,,,,
,,,,,,,,,,,,,,,,,,,,
"	0",1.45797E+12,1.45328,3.08014,6.64391,,,,,,,,,,,,,,,,
,,,,,,,,,,,,,,,,,,,,
"	0",1.45797E+12,1.64003,3.4261,6.71454,,,,,,,,,,,,,,,,
,,,,,,,,,,,,,,,,,,,,
"	0",1.45797E+12,2.13563,3.32734,10.5315,,,,,,,,,,,,,,,,
,,,,,,,,,,,,,,,,,,,,
"	0",1.45797E+12,2.44388,2.76051,10.4573,,,,,,,,,,,,,,,,
,,,,,,,,,,,,,,,,,,,,
"	0",1.45797E+12,2.26192,3.67989,7.93618,,,,,,,,,,,,,,,,
,,,,,,,,,,,,,,,,,,,,
"	0",1.45797E+12,2.09433,3.44945,7.83742,,,,,,,,,,,,,,,,
,,,,,,,,,,,,,,,,,,,,
"	0",1.45797E+12,2.63362,3.6332,7.53635,,,,,,,,,,,,,,,,
,,,,,,,,,,,,,,,,,,,,
"	0",1.45797E+12,2.41216,3.2196,7.78654,,,,,,,,,,,,,,,,
,,,,,,,,,,,,,,,,,,,,
"	0",1.45797E+12,2.44568,3.05201,7.79013,,,,,,,,,,,,,,,,
,,,,,,,,,,,,,,,,,,,,
"	0",1.45797E+12,2.55222,2.88441,8.39467,,,,,,,,,,,,,,,,
,,,,,,,,,,,,,,,,,,,,
"	0",1.45797E+12,2.86107,2.85568,10.5399,,,,,,,,,,,,,,,,
,,,,,,,,,,,,,,,,,,,,
"	0",1.45797E+12,2.69647,2.66894,10.2867,,,,,,,,,,,,,,,,
,,,,,,,,,,,,,,,,,,,,
"	0",1.45797E+12,2.8886,2.67791,9.04829,,,,,,,,,,,,,,,,
,,,,,,,,,,,,,,,,,,,,
"	0",1.45797E+12,2.73238,2.60788,9.40682,,,,,,,,,,,,,,,,
,,,,,,,,,,,,,,,,,,,,
"	0",1.45797E+12,2.65158,2.65756,9.57262,,,,,,,,,,,,,,,,
,,,,,,,,,,,,,,,,,,,,
"	0",1.45797E+12,2.86167,2.2697,10.161,,,,,,,,,,,,,,,,
,,,,,,,,,,,,,,,,,,,,
"	0",1.45797E+12,2.91494,2.03926,10.2208,,,,,,,,,,,,,,,,
,,,,,,,,,,,,,,,,,,,,
"	0",1.45797E+12,2.89998,2.28108,9.26197,,,,,,,,,,,,,,,,
,,,,,,,,,,,,,,,,,,,,
"	",,,,,,,,,,,,,,,,,,,,
